,UniProt,Entrez,Symbol,Membership,KEGG_Ortholog
0,A2A5R2,99371,Arfgef2,0,K18442
1,E9PY46,106633,Ift140,0,K19672
2,O54829,24012,Rgs7,0,K16449
3,O70325,625249,Gpx4,0,K05361
4,P43274,50709,H1f4,0,K11275
5,P62069,69727,Usp46,0,K11842
6,P70670,17938,Naca,0,K03626
7,Q3TCH7,99375,Cul4a,0,K10609
8,Q3UTJ2,234214,Sorbs2,0,K23708
9,Q6NVF0,320634,Ocrl,0,K01099
10,Q6P549,16332,Inppl1,0,K15909
11,Q8BHR8,228356,Cstpp1,0,K26165
12,Q8BK75,72341,Elp6,0,K11377
13,Q8C754,224705,Vps52,0,K20298
14,Q8C9H6,320609,Strip2,0,FAIL
15,Q8CGF7,56070,Tcerg1,0,K12824
16,Q8R1F6,217310,Hid1,0,FAIL
17,Q8VDU5,20623,Snrk,0,K08802
18,Q99J31,94190,Ophn1,0,K20650
19,Q9JLC8,50720,Sacs,0,K17592
20,Q9R1P4,26440,Psma1,0,K02725
21,Q9Z2D0,210376,Mtmr9,0,K18084
22,Q9Z2I0,56384,Letm1,0,K17800
23,P70205,11517,Adcyap1r1,0,K04587
24,Q5PR73,68203,Diras2,0,K07841
25,Q5SSM3,216831,Arhgap44,0,K21067
26,Q8R516,76580,Mib2,0,K10645
27,G5E870,14897,Trip12,0,K10590
28,Q80ZU0,75423,Arl5a,0,K07949
29,Q8K4Q0,74370,Rptor,0,K07204
30,Q99N57,110157,Raf1,0,K04366
31,P23242,14609,Gja1,1,K07372
32,P26443,14661,Glud1,1,K00261
33,Q64521,14571,Gpd2,1,K00111
34,Q8BIJ6,381314,Iars2,1,K01870
35,Q8BMF4,235339,Dlat,1,K00627
36,Q99LC5,110842,Etfa,1,K03522
37,Q9CY64,109778,Blvra,1,K00214
38,Q9D2G2,78920,Dlst,1,K00658
39,Q9D6R2,67834,Idh3a,1,K00030
40,Q9DCT2,68349,Ndufs3,1,K03936
41,B0V2N1,19280,Ptprs,1,K06778
42,Q7TMF3,66414,Ndufa12,1,K11352
43,Q91VD9,227197,Ndufs1,1,K03934
44,Q925N0,94282,Sfxn5,1,K23503
45,Q9CQA3,67680,Sdhb,1,K00235
46,Q9Z1J3,18041,Nfs1,1,K04487
47,O55126,14467,Nipsnap2,1,FAIL
48,P31650,243616,Slc6a11,1,K05044
49,P51881,11740,Slc25a5,1,K05863
50,P54071,269951,Idh2,1,K00031
51,P68404,18751,Prkcb,1,K19662
52,P97807,14194,Fh1,1,K01679
53,Q3TY86,72168,Aifm3,1,K22747
54,Q66GT5,66461,Ptpmt1,1,K14165
55,Q791T5,56462,Mtch1,1,K17885
56,Q8BGX2,69773,Timm29,1,FAIL
57,Q8BH59,78830,Slc25a12,1,K15105
58,Q8BIZ1,77531,Anks1b,1,K21413
59,Q8BTX9,72552,Hsdl1,1,FAIL
60,Q8BWF0,214579,Aldh5a1,1,K00139
61,Q8K386,104886,Rab15,1,K07908
62,Q8VEM8,18674,Slc25a3,1,K15102
63,Q91V61,94280,Sfxn3,1,K23500
64,Q921J2,19744,Rheb,1,K07208
65,Q99JR1,14057,Sfxn1,1,K23500
66,Q9CQI6,72042,Cotl1,1,FAIL
67,Q9CQQ7,11950,Atp5pb,1,K02127
68,Q9CQS4,67453,Slc25a46,1,K03454
69,Q9CZU6,12974,Cs,1,K01647
70,Q9D051,68263,Pdhb,1,K00162
71,Q9D0L4,72113,Adck1,1,K08869
72,Q9DB20,28080,Atp5o,1,K02137
73,Q9DC69,66108,Ndufa9,1,K03953
74,Q9DC70,75406,Ndufs7,1,K03940
75,Q9DCW4,110826,Etfb,1,K03521
76,Q9JIA1,56839,Lgi1,1,K25428
77,O35129,12034,Phb2,1,K17081
78,O35683,54405,Ndufa1,1,K03945
79,O35927,18163,Ctnnd2,1,K23491
80,P03930,17706,ATP8,1,K02125
81,P17809,20525,Slc2a1,1,K07299
82,P18760,12631,Cfl1,1,K05765
83,P32037,20527,Slc2a3,1,K08142
84,P35486,18597,Pdha1,1,K00161
85,P43006,20511,Slc1a2,1,K05613
86,P48962,11739,Slc25a4,1,K05863
87,P56480,11947,Atp5b,1,K02133
88,P58281,74143,Opa1,1,K17079
89,P67778,18673,Phb,1,K17080
90,P70404,15929,Idh3g,1,K00030
91,Q03265,11946,Atp5a1,1,K02132
92,Q05920,18563,Pcx,1,K01958
93,Q3ULD5,78038,Mccc2,1,K01969
94,Q3UMR5,215999,Mcu,1,K20858
95,Q60930,22334,Vdac2,1,K15040
96,Q60931,22335,Vdac3,1,K15041
97,Q62425,17992,Ndufa4,1,K03948
98,Q6GQS1,66972,Slc25a23,1,K14684
99,Q78RX3,80284,Smim12,1,FAIL
100,Q80XN0,71911,Bdh1,1,K00019
101,Q8BFR5,233870,Tufm,1,K02358
102,Q8BMS1,97212,Hadha,1,K07515
103,Q8CAQ8,76614,Immt,1,K17785
104,Q8CC88,219189,Vwa8,1,K24512
105,Q8JZQ2,69597,Afg3l2,1,K08956
106,Q8JZU2,13358,Slc25a1,1,K15100
107,Q8K2T1,67824,Nmral1,1,FAIL
108,Q8VHK5,170790,Mlc1,1,K20070
109,Q91VR2,11949,Atp5c1,1,K02136
110,Q91ZA3,110821,Pcca,1,K01965
111,Q925I1,108888,Atad3a,1,K17681
112,Q99JY0,231086,Hadhb,1,K07509
113,Q99LC3,67273,Ndufa10,1,K03954
114,Q99MN9,66904,Pccb,1,K01966
115,Q99MR8,72039,Mccc1,1,K01968
116,Q9CPQ8,27425,Atp5l,1,K02140
117,Q9CPU4,66447,Mgst3,1,K00799
118,Q9CQ69,22272,Uqcrq,1,K00418
119,Q9CR62,67863,Slc25a11,1,K15104
120,Q9CZS1,72535,Aldh1b1,1,K00128
121,Q9D023,70456,Mpc2,1,K22139
122,Q9D6M3,68267,Slc25a22,1,K15107
123,Q9D880,66525,Timm50,1,K17496
124,Q9DB77,67003,Uqcrc2,1,K00415
125,Q9DBL1,66885,Acadsb,1,K09478
126,Q9DCA2,67994,Mrps11,1,K02948
127,Q9QYA2,53333,Tomm40,1,K11518
128,Q9QZD8,27376,Slc25a10,1,K13577
129,Q9R0X4,56360,Acot9,1,K17361
130,Q9WUM5,56451,Suclg1,1,K01899
131,Q9WVL0,14874,Gstz1,1,K01800
132,Q9Z2I9,20916,Sucla2,1,K01900
133,A2AJA9,381353,Ajm1,1,FAIL
134,B2RQC6,69719,Cad,1,K11540
135,D3Z7P3,14660,Gls,1,K01425
136,F8VPU2,223254,Farp1,1,K17477
137,G5E829,67972,Atp2b1,1,K05850
138,O08709,11758,Prdx6,1,K11188
139,O08749,13382,Dld,1,K00382
140,O88712,13016,Ctbp1,1,K04496
141,P05202,14719,Got2,1,K14455
142,P10852,17254,Slc3a2,1,K06519
143,P16858,14433,Gapdh,1,K00134
144,P17182,13806,Eno1,1,K01689
145,P17710,15275,Hk1,1,K00844
146,P38647,15526,Hspa9,1,K04043
147,P48758,12408,Cbr1,1,K00079
148,P56564,20512,Slc1a3,1,K05614
149,P99029,54683,Prdx5,1,K11187
150,Q3THK7,229363,Gmps,1,K01951
151,Q3V3R1,270685,Mthfd1l,1,K13402
152,Q5HZI9,230125,Slc25a51,1,K26152
153,Q60597,18293,Ogdh,1,K00164
154,Q68FH0,227937,Pkp4,1,FAIL
155,Q6PB66,72416,Lrpprc,1,K17964
156,Q80Y14,73046,Glrx5,1,K07390
157,Q80ZJ6,227693,Zer1,1,K10350
158,Q8BK64,217737,Ahsa1,1,K26216
159,Q8BKZ9,27402,Pdhx,1,K13997
160,Q8CGK3,74142,Lonp1,1,K08675
161,Q8QZT1,110446,Acat1,1,K00626
162,Q8VE33,228858,Gdap1l1,1,K22077
163,Q91WD5,226646,Ndufs2,1,K03935
164,Q91YT0,17995,Ndufv1,1,K03942
165,Q99JB2,66592,Stoml2,1,K26392
166,Q99KI0,11429,Aco2,1,K01681
167,Q9CQN1,68015,Trap1,1,K09488
168,Q9D0K2,67041,Oxct1,1,K01027
169,Q9D172,28295,Gatd3a,1,FAIL
170,Q9D358,11431,Acp1,1,K14394
171,Q9D892,16434,Itpa,1,K01519
172,Q9EQ20,104776,Aldh6a1,1,K00140
173,Q9R0K7,11941,Atp2b2,1,K05850
174,Q9WTP7,56248,Ak3,1,K00944
175,A2AT37,326622,Upf2,2,K14327
176,B2RY56,67039,Rbm25,2,K12822
177,D3YWQ0,320127,Dgki,2,K00901
178,O35286,13204,Dhx15,2,K12820
179,P35550,14113,Fbl,2,K14563
180,P51410,20005,Rpl9,2,K02940
181,P62242,20116,Rps8,2,K02995
182,P62754,20104,Rps6,2,K02991
183,P62983,78294,Rps27a,2,K02977
184,P63276,20068,Rps17,2,K02962
185,P97868,19647,Rbbp6,2,K10624
186,Q569Z6,230753,Thrap3,2,K13112
187,Q64707,22183,Zrsr2-ps1,2,FAIL
188,Q6NS52,217480,Dgkb,2,K00901
189,Q6NSQ7,353258,Ltv1,2,K14798
190,Q6P5B0,107094,Rrp12,2,K14794
191,Q7TNC4,192196,Luc7l2,2,K13212
192,Q80SY5,66921,Prpf38b,2,K12850
193,Q80UZ2,231452,Sdad1,2,K14856
194,Q80WV7,58212,Srrm3,2,FAIL
195,Q80YA9,245684,Cnksr2,2,K17536
196,Q8BFQ4,77305,Wdr82,2,K14962
197,Q8BHL3,68449,Tbc1d10b,2,K19944
198,Q8BVY0,66409,Rsl1d1,2,K14775
199,Q8K224,98956,Nat10,2,K14521
200,Q8R151,98999,Znfx1,2,FAIL
201,Q99LH1,230737,Gnl2,2,K14537
202,Q99ME9,69237,Gtpbp4,2,K06943
203,Q9CR47,59050,Nsa2,2,K14842
204,Q9CS00,70312,Cactin,2,K25058
205,Q9CYI4,66978,Luc7l,2,FAIL
206,Q9D115,68036,Zfp706,2,FAIL
207,Q9D6Z1,67134,Nop56,2,K14564
208,Q9D7S7,68028,Rpl22l1,2,K02891
209,Q9DBE9,56095,Ftsj3,2,K14857
210,Q9DBM1,67471,Gpatch1,2,K13123
211,Q9JLM8,13175,Dclk1,2,K08805
212,Q9JM52,50932,Mink1,2,K04413
213,Q9QX11,19157,Cyth1,2,K18441
214,Q9QX47,20658,Son,2,K23718
215,Q9QYL7,30946,Abt1,2,K14785
216,Q9R1C7,56194,Prpf40a,2,K12821
217,Q9R1L5,56527,Mast1,2,K08789
218,Q9Z0N1,26905,Eif2s3x,2,K03242
219,Q9Z1S3,19419,Rasgrp1,2,K04350
220,A2A8L1,269610,Chd5,2,K14435
221,A2AR02,228005,Ppig,2,K09566
222,A6H619,101471,Phrf1,2,K17586
223,E9Q5K9,231386,Ythdc1,2,K20100
224,O35226,19185,Psmd4,2,K03029
225,O54774,11776,Ap3d1,2,K12396
226,P14115,26451,Rpl27a,2,K02900
227,P14131,20055,Rps16,2,K02960
228,P14685,22123,Psmd3,2,K03033
229,P24788,12537,Cdk11b,2,K08818
230,P25444,16898,Rps2,2,K02981
231,P49135,13872,Ercc3,2,K10843
232,P60867,67427,Rps20,2,K02969
233,P61514,19981,Rpl37a,2,K02921
234,P62082,20115,Rps7,2,K02993
235,P62245,267019,Rps15a,2,K02957
236,P62264,20044,Rps14,2,K02955
237,P62267,66475,Rps23,2,K02973
238,P62281,27207,Rps11,2,K02949
239,P62702,20102,Rps4x,2,K02987
240,P62830,65019,Rpl23,2,K02894
241,P62849,20088,Rps24,2,K02974
242,P62852,75617,Rps25,2,K02975
243,P62855,27370,Rps26,2,K02976
244,P62908,27050,Rps3,2,K02985
245,P67984,19934,Rpl22,2,K02891
246,P83882,19982,Rpl36a,2,K02929
247,P97351,20091,Rps3a1,2,K02984
248,P97376,14300,Frg1,2,K13122
249,Q05D44,226982,Eif5b,2,K03243
250,Q08288,17089,Lyar,2,K15263
251,Q3TEA8,15441,Hp1bp3,2,K26243
252,Q3U1N2,20788,Srebf2,2,K09107
253,Q3U214,546071,Mast3,2,K08789
254,Q4VA53,100710,Pds5b,2,K11267
255,Q569Z5,212880,Ddx46,2,K12811
256,Q5SUF2,67684,Luc7l3,2,FAIL
257,Q5U4F6,71820,Dync2i2,2,K22868
258,Q60610,21844,Tiam1,2,K05731
259,Q61136,19134,Prpf4b,2,K08827
260,Q61749,13667,Eif2b4,2,K03680
261,Q6DFW4,55989,Nop58,2,K14565
262,Q6NVF9,432508,Cpsf6,2,K14398
263,Q6P542,224742,Abcf1,2,K06184
264,Q6PDQ2,107932,Chd4,2,K11643
265,Q6PGG6,237107,Gnl3l,2,K14538
266,Q6PGN3,70762,Dclk2,2,K08805
267,Q6PHQ8,78689,Naa35,2,K20823
268,Q6ZPL9,67848,Ddx55,2,K14809
269,Q6ZPZ3,330474,Zc3h4,2,FAIL
270,Q6ZQ29,381921,Taok2,2,K04429
271,Q6ZWN5,76846,Rps9,2,K02997
272,Q6ZWV3,110954,Rpl10,2,K02866
273,Q80XC6,217827,Nrde2,2,K26109
274,Q80Y44,77591,Ddx10,2,K14776
275,Q8BG79,244672,Cwf19l2,2,K24940
276,Q8BIE6,209630,Frmd4a,2,K23970
277,Q8BP67,68193,Rpl24,2,K02896
278,Q8BTI8,75956,Srrm2,2,K13172
279,Q8BXR9,99031,Osbpl6,2,K20463
280,Q8C761,217935,Dync2i1,2,K22869
281,Q8CCP0,66244,Nemf,2,K24971
282,Q8CI75,208718,Dis3l2,2,K18758
283,Q8CIE6,12847,Copa,2,K05236
284,Q8K363,66942,Ddx18,2,K13179
285,Q8VEL9,140743,Rem2,2,K07848
286,Q8VH51,170791,Rbm39,2,K13091
287,Q8VI84,57753,Noc3l,2,K14834
288,Q91VN6,72935,Ddx41,2,K13116
289,Q921N6,228889,Ddx27,2,K13181
290,Q922Q2,71340,Riok1,2,K07178
291,Q99JP0,225028,Map4k3,2,K04406
292,Q99L45,67204,Eif2s2,2,K03238
293,Q99LE6,27407,Abcf2,2,K06185
294,Q9CPR4,319195,Rpl17,2,K02880
295,Q9CR08,66161,Pop4,2,K03538
296,Q9CWW7,74322,Cxxc1,2,K14960
297,Q9CWX9,67755,Ddx47,2,K14777
298,Q9D0F4,67050,Nkap,2,K25931
299,Q9D0R4,52513,Ddx56,2,K14810
300,Q9DCR2,11777,Ap3s1,2,K12399
301,Q9ESV0,27225,Ddx24,2,K14805
302,Q9ESX4,619605,Zcchc17,2,FAIL
303,Q9JMB0,56278,Gkap1,2,FAIL
304,Q9JMD0,22680,Zfp207,2,FAIL
305,Q9QYR6,17754,Map1a,2,K10429
306,P62274,20090,Rps29,2,K02980
307,Q9QY01,29869,Ulk2,2,K08269
308,B2RSH2,14677,Gnai1,3,K04630
309,B9EJ86,237542,Osbpl8,3,K22285
310,E9Q3L2,224020,Pi4ka,3,K00888
311,O08914,14073,Faah,3,K15528
312,O35083,55979,Agpat1,3,K13509
313,O35382,20336,Exoc4,3,K06111
314,O35488,26458,Slc27a2,3,K08746
315,O55143,11938,Atp2a2,3,K05853
316,O70152,13480,Dpm1,3,K00721
317,O70228,11981,Atp9a,3,K26679
318,O70443,14687,Gnaz,3,K04535
319,O88455,13360,Dhcr7,3,K00213
320,O88587,12846,Comt,3,K00545
321,P09671,20656,Sod2,3,K04564
322,P11881,16438,Itpr1,3,K04958
323,P18872,14681,Gnao1,3,K04534
324,P21278,14672,Gna11,3,K04635
325,P28663,17957,Napb,3,K26120
326,P32883,16653,Kras,3,K07827
327,P35293,19330,Rab18,3,K07910
328,P35564,12330,Canx,3,K08054
329,P46638,19326,Rab11b,3,K07905
330,P46978,16430,Stt3a,3,K07151
331,P51150,19349,Rab7,3,K07897
332,P51791,12725,Clcn3,3,K05012
333,P53994,59021,Rab2a,3,K07877
334,P55258,17274,Rab8a,3,K07901
335,P61294,270192,Rab6b,3,K07894
336,P61620,53421,Sec61a1,3,K10956
337,P62746,11852,Rhob,3,K07856
338,P62812,14394,Gabra1,3,K05175
339,P62835,109905,Rap1a,3,K04353
340,P63001,19353,Rac1,3,K04392
341,P63321,56044,Rala,3,K07834
342,P84096,56212,Rhog,3,K07863
343,P84309,224129,Adcy5,3,K08045
344,Q02111,18761,Prkcq,3,K18052
345,Q2TBE6,84095,Pi4k2a,3,K13711
346,Q3TMP8,74166,Tmem38a,3,K24013
347,Q3UHK1,239606,Slc2a13,3,K08150
348,Q3UUQ7,241062,Pgap1,3,K05294
349,Q4QQM4,277414,Trp53i11,3,FAIL
350,Q61411,15461,Hras,3,K02833
351,Q61418,12727,Clcn4,3,K05012
352,Q62186,20832,Ssr4,3,K04571
353,Q62351,22042,Tfrc,3,K06503
354,Q6KAR6,211446,Exoc3,3,K06110
355,Q6PDC0,242819,Rundc3b,3,K24787
356,Q6PHN9,77407,Rab35,3,K07876
357,Q6R0H7,14683,Gnas,3,K04632
358,Q80ZW2,223626,Them6,3,FAIL
359,Q8BFZ9,244373,Erlin2,3,K23341
360,Q8BH95,93747,Echs1,3,K07511
361,Q8BRF7,76983,Scfd1,3,K19998
362,Q8BVP5,103236,Csnk1g2,3,K08958
363,Q8BXQ2,78928,Pigt,3,K05292
364,Q8BZ98,103967,Dnm3,3,K01528
365,Q8C522,71946,Endod1,3,K15049
366,Q8C7X2,230866,Emc1,3,K23562
367,Q8CHK3,77582,Mboat7,3,K13516
368,Q8K2C9,57874,Hacd3,3,K10703
369,Q8R127,109232,Sccpdh,3,FAIL
370,Q8R1L4,105785,Kdelr3,3,K10949
371,Q8R3I2,67216,Mboat2,3,K13517
372,Q8R555,72832,Crtac1,3,FAIL
373,Q8VDN2,11928,Atp1a1,3,K01539
374,Q8VDP6,52858,Cdipt,3,K00999
375,Q8VEH3,68724,Arl8a,3,K07955
376,Q91V41,68365,Rab14,3,K07881
377,Q91VE0,26569,Slc27a4,3,K08745
378,Q91WC3,216739,Acsl6,3,K01897
379,Q91X78,226144,Erlin1,3,K23341
380,Q91ZX7,16971,Lrp1,3,K04550
381,Q920L1,76267,Fads1,3,K10224
382,Q922S4,207728,Pde2a,3,K18283
383,Q99L43,110911,Cds2,3,K00981
384,Q99LR1,76192,Abhd12,3,K13704
385,Q9CQW2,67166,Arl8b,3,K07955
386,Q9CR67,67878,Tmem33,3,K20724
387,Q9CX30,77254,Yif1b,3,K20362
388,Q9CY27,106529,Tecr,3,K10258
389,Q9CYH2,70564,Prxl2a,3,FAIL
390,Q9CZW4,74205,Acsl3,3,K01897
391,Q9D517,28169,Agpat3,3,K13523
392,Q9DBE8,56737,Alg2,3,K03843
393,Q9DC23,66861,Dnajc10,3,K09530
394,Q9DCN2,109754,Cyb5r3,3,K00326
395,Q9EQH3,65114,Vps35,3,K18468
396,Q9JKR6,12282,Hyou1,3,K09486
397,Q9QUI0,11848,Rhoa,3,K04513
398,Q9R0M6,56382,Rab9,3,K07899
399,Q9R0P6,56529,Sec11a,3,K13280
400,Q9WVK8,13116,Cyp46a1,3,K07440
401,Q9Z1Q2,193742,Abhd16a,3,K25824
402,Q9Z2B2,20523,Slc25a14,3,K15106
403,P60764,170758,Rac3,3,K07861
404,O54991,53321,Cntnap1,3,K07379
405,P70699,14387,Gaa,3,K12316
406,Q8CGK7,14680,Gnal,3,K04633
407,A2A6A1,237943,Gpatch8,4,FAIL
408,A2AJI0,245877,Map7d1,4,K16806
409,B1AXH1,100042480,Nhsl2,4,K24144
410,B1AY10,74164,Nfx1,4,K12236
411,B2RPU2,217682,Plekhd1,4,FAIL
412,G3XA57,74998,Rab11fip2,4,K12484
413,O08582,14904,Gtpbp1,4,K24887
414,O08788,13191,Dctn1,4,K04648
415,O35643,11764,Ap1b1,4,K12392
416,O54988,20874,Slk,4,K08836
417,O55222,16202,Ilk,4,K06272
418,O70172,18718,Pip4k2a,4,K00920
419,O70311,18108,Nmt2,4,K00671
420,O88735,17761,Map7,4,K10433
421,P17427,11772,Ap2a2,4,K11824
422,P28660,50884,Nckap1,4,K05750
423,P29788,22370,Vtn,4,K06251
424,P31230,13722,Aimp1,4,K15437
425,P36916,14670,Gnl1,4,FAIL
426,P39447,21872,Tjp1,4,K05701
427,P63037,15502,Dnaja1,4,K09502
428,P84091,11773,Ap2m1,4,K11826
429,P97770,14911,Thumpd3,4,FAIL
430,Q2PFD7,234353,Psd3,4,K12494
431,Q3TIV5,69082,Zc3h15,4,FAIL
432,Q3UH60,239667,Dip2b,4,K24908
433,Q3UHL1,235604,Camkv,4,K08812
434,Q3UU96,226751,Cdc42bpa,4,K16307
435,Q505F5,72946,Lrrc47,4,FAIL
436,Q5DTN8,74004,Jakmip3,4,K24785
437,Q5DTT2,73728,Psd,4,K12494
438,Q5SQX6,76884,Cyfip2,4,K05749
439,Q60996,26931,Ppp2r5c,4,K11584
440,Q61771,16569,Kif3b,4,K20196
441,Q68FL6,216443,Mars1,4,K01874
442,Q6A098,70354,Secisbp2l,4,K19539
443,Q6P9K8,268932,Caskin1,4,K21952
444,Q6PB60,70237,Bhlhb9,4,K26234
445,Q6PFD9,269966,Nup98,4,K14297
446,Q6ZQ58,73158,Larp1,4,K18757
447,Q7TNV0,110052,Dek,4,K17046
448,Q7TT50,217866,Cdc42bpb,4,K16307
449,Q80SY4,225164,Mib1,4,K10645
450,Q80TK0,100503185,Btbd8,4,K10480
451,Q80XI4,108083,Pip4k2b,4,K00920
452,Q812A2,259302,Srgap3,4,K07526
453,Q8BIK4,105445,Dock9,4,K21853
454,Q8BLY2,272396,Tarsl2,4,K01868
455,Q8BMJ2,107045,Lars,4,K01869
456,Q8BU30,105148,Iars,4,K01870
457,Q8BUR4,330662,Dock1,4,K13708
458,Q8CBW3,11308,Abi1,4,K23649
459,Q8CGC7,107508,Eprs,4,K14163
460,Q8CHG7,76089,Rapgef2,4,K08018
461,Q8K0U4,73442,Hspa12a,4,FAIL
462,Q8K2Y9,216527,Ccm2,4,K26416
463,Q8R010,231872,Aimp2,4,K15438
464,Q8R3S6,69940,Exoc1,4,K19983
465,Q8VDQ9,215194,Kri1,4,K14786
466,Q8VHR5,229542,Gatad2b,4,K23194
467,Q91YE8,118449,Synpo2,4,K24066
468,Q91Z69,117600,Srgap1,4,K07526
469,Q922B2,226414,Dars,4,K22503
470,Q99JW4,110829,Lims1,4,K23354
471,Q99MN1,85305,Kars,4,K04567
472,Q99NH2,93742,Pard3,4,K04237
473,Q9D0I9,104458,Rars,4,K01887
474,Q9D0R2,110960,Tars,4,K01868
475,Q9D0T1,20826,Snu13,4,K12845
476,Q9DBG3,71770,Ap2b1,4,K11825
477,Q9DBS9,71720,Osbpl3,4,K20463
478,Q9EQC5,78891,Scyl1,4,K08876
479,Q9EQZ7,116838,Rims2,4,K15297
480,Q9ER72,27267,Cars,4,K01883
481,Q9JM93,65105,Arl6ip4,4,FAIL
482,Q9QXL2,16564,Kif21a,4,K24185
483,Q9QXZ0,11426,Macf1,4,K19827
484,Q9QY36,56292,Naa10,4,K20791
485,Q9QYB5,27360,Add3,4,K18622
486,Q9QZQ1,17356,Afdn,4,K05702
487,Q9WV92,13823,Epb41l3,4,K23961
488,Q9Z0U1,21873,Tjp2,4,K06098
489,O54833,13000,Csnk2a2,4,K03097
490,P17426,11771,Ap2a1,4,K11824
491,P62743,232910,Ap2s1,4,K11827
492,Q3UHD9,216439,Agap2,4,K17848
493,Q5F2E8,216965,Taok1,4,K04429
494,Q60737,12995,Csnk2a1,4,K03097
495,Q69ZS7,56422,Hbs1l,4,K14416
496,Q9JME5,11775,Ap3b2,4,K12397
497,Q9JMH9,360013,Myo18a,4,K10362
498,Q9Z1T1,11774,Ap3b1,4,K12397
499,O08663,56307,Metap2,5,K01265
500,P14873,17755,Map1b,5,K10429
501,P28741,16568,Kif3a,5,K10394
502,P62858,54127,Rps28,5,K02979
503,Q00PI9,68693,Hnrnpul2,5,FAIL
504,Q02780,18027,Nfia,5,K09168
505,Q3UHU5,68617,Mtcl1,5,FAIL
506,Q501J6,67040,Ddx17,5,K13178
507,Q52KI8,51796,Srrm1,5,K13171
508,Q5RJG1,217431,Nol10,5,K14788
509,Q5XG69,320557,Fam169a,5,FAIL
510,Q62318,21849,Trim28,5,K08882
511,Q68ED3,214627,Tent4b,5,K03514
512,Q6PEE2,269037,Ctif,5,FAIL
513,Q6ZWX6,13665,Eif2s1,5,K03237
514,Q80U49,217882,Cep170b,5,K16463
515,Q80W14,54614,Prpf40b,5,K12821
516,Q80WS3,237730,Fbll1,5,K14563
517,Q80X66,68815,Btbd10,5,K10482
518,Q8BIF2,52897,Rbfox3,5,K14946
519,Q8BK67,108911,Rcc2,5,FAIL
520,Q8C050,73086,Rps6ka5,5,K04445
521,Q8C7M3,94090,Trim9,5,K10649
522,Q8CCF0,68988,Prpf31,5,K12844
523,Q8CIQ7,208869,Dock3,5,K05727
524,Q8K1A6,212139,Cc2d1a,5,K18260
525,Q8K1H1,100121,Tdrd7,5,K18405
526,Q8K387,77593,Usp45,5,K11844
527,Q8K3E5,52906,Ahi1,5,FAIL
528,Q9D0D4,66254,Dimt1,5,K14191
529,Q9ERA6,54723,Tfip11,5,K13103
530,Q9ESN6,80890,Trim2,5,K11997
531,Q9JLI8,53890,Sart3,5,K22611
532,Q9JM76,56378,Arpc3,5,K05756
533,Q9QWV9,12455,Ccnt1,5,K15188
534,E9Q4F7,77087,Ankrd11,5,K21436
535,O08648,26407,Map3k4,5,K04428
536,O35066,16570,Kif3c,5,K20197
537,O54781,20817,Srpk2,5,K08831
538,O70551,20815,Srpk1,5,K15409
539,O88196,22129,Ttc3,5,K15712
540,O89079,59042,Cope,5,K17268
541,P11103,11545,Parp1,5,K24070
542,P32233,13494,Drg1,5,K06944
543,P52332,16451,Jak1,5,K11217
544,P59281,223666,Arhgap39,5,K20649
545,P63323,20042,Rps12,5,K02951
546,P97820,26921,Map4k4,5,K04407
547,Q09LZ8,78933,Agbl4,5,K23439
548,Q3U1Y4,229541,Dennd4b,5,K20163
549,Q3UHC7,69601,Dab2ip,5,K19901
550,Q5SP85,216613,Ccdc85a,5,FAIL
551,Q5U4C3,233208,Scaf1,5,FAIL
552,Q61464,18139,Zfp638,5,K24692
553,Q62074,18759,Prkci,5,K06069
554,Q6NWV3,81896,Ift122,5,K19656
555,Q7SIG6,211914,Asap2,5,K12488
556,Q7TQI8,52808,Tspyl2,5,K11285
557,Q811L6,328329,Mast4,5,K08789
558,Q8BGJ9,233073,U2af1l4,5,K12836
559,Q8BGZ4,52563,Cdc23,5,K03355
560,Q8BHJ9,193116,Slu7,5,K12819
561,Q8BTI9,74769,Pik3cb,5,K00922
562,Q8BW10,67619,Nob1,5,K11883
563,Q8C804,212514,Spice1,5,K16490
564,Q8CBY3,232798,Leng8,5,K23802
565,Q8K019,72567,Bclaf1,5,K13087
566,Q8R1B4,56347,Eif3c,5,K03252
567,Q8VEB1,14773,Grk5,5,K08291
568,Q8VHH5,213990,Agap3,5,K12491
569,Q922H9,30932,Zfp330,5,FAIL
570,Q99LI9,98985,Clp1,5,K14399
571,Q9CQF3,68219,Nudt21,5,K14397
572,Q9D0I8,69902,Mrto4,5,K14815
573,Q9D4H1,66482,Exoc2,5,K17637
574,Q9DBY8,67459,Nvl,5,K14571
575,Q9DC28,104318,Csnk1d,5,K08959
576,Q9EQJ9,99470,Magi3,5,K06112
577,Q9ESX5,245474,Dkc1,5,K11131
578,Q9JI13,65961,Utp3,5,K14767
579,Q9JJ80,67239,Rpf2,5,K14847
580,Q9JJK2,71835,Lancl2,5,FAIL
581,Q9JKY5,29816,Hip1r,5,K20040
582,Q9JMC8,54357,Epb41l4b,5,K21111
583,Q9QVP9,19229,Ptk2b,5,K05871
584,Q9WUN2,56480,Tbk1,5,K05410
585,E9Q912,229877,Rap1gds1,6,FAIL
586,O35136,17968,Ncam2,6,K06491
587,P01831,21838,Thy1,6,K06514
588,P01942,15122,Hba-a1,6,K13822
589,P02088,15129,Hbb-b1,6,K13823
590,P05063,11676,Aldoc,6,K01623
591,P06745,14751,Gpi1,6,K01810
592,P07901,15519,Hsp90aa1,6,K04079
593,P08113,22027,Hsp90b1,6,K09487
594,P08249,17448,Mdh2,6,K00026
595,P09411,18655,Pgk1,6,K00927
596,P11499,15516,Hsp90ab1,6,K04079
597,P12960,12805,Cntn1,6,K06759
598,P14094,11931,Atp1b1,6,K01540
599,P14152,17449,Mdh1,6,K00025
600,P14211,12317,Calr,6,K08057
601,P15532,18102,Nme1,6,K00940
602,P16125,16832,Ldhb,6,K00016
603,P17183,13807,Eno2,6,K01689
604,P17742,268373,Ppia,6,K03767
605,P19096,14104,Fasn,6,K00665
606,P19783,12857,Cox4i1,6,K02263
607,P35803,14758,Gpm6b,6,FAIL
608,P40142,21881,Tkt,6,K00615
609,P48320,14417,Gad2,6,K01580
610,P50396,14567,Gdi1,6,K17255
611,P51863,11972,Atp6v0d1,6,K02146
612,P59999,68089,Arpc4,6,K05755
613,P60202,18823,Plp1,6,K17271
614,P61079,66105,Ube2d3,6,K06689
615,P61089,93765,Ube2n,6,K10580
616,P61264,56216,Stx1b,6,K08486
617,P61982,22628,Ywhag,6,K16198
618,P62259,22627,Ywhae,6,K06630
619,P62874,14688,Gnb1,6,K04536
620,P62962,18643,Pfn1,6,K05759
621,P63044,22318,Vamp2,6,K13504
622,P63101,22631,Ywhaz,6,K16197
623,P63137,14401,Gabrb2,6,K05181
624,P68254,22630,Ywhaq,6,K16197
625,P70168,16211,Kpnb1,6,K14293
626,P70349,15254,Hint1,6,K02503
627,P70704,11980,Atp8a1,6,K14802
628,P80314,12461,Cct2,6,K09494
629,P84075,15444,Hpca,6,K23846
630,P97765,22378,Wbp2,6,K22524
631,Q01065,18574,Pde1b,6,K13755
632,Q01853,269523,Vcp,6,K13525
633,Q02053,22201,Uba1,6,K03178
634,Q04447,12709,Ckb,6,K00933
635,Q60676,19060,Ppp5c,6,K04460
636,Q60932,22333,Vdac1,6,K05862
637,Q61234,20648,Snta1,6,K24063
638,Q61885,17441,Mog,6,K17270
639,Q62465,26949,Vat1,6,K23167
640,Q63844,26417,Mapk3,6,K04371
641,Q76MZ3,51792,Ppp2r1a,6,K03456
642,Q7TQI3,107260,Otub1,6,K09602
643,Q810U3,269116,Nfasc,6,K06757
644,Q811D0,13383,Dlg1,6,K12076
645,Q8BL66,216238,Eea1,6,K12478
646,Q8CA95,23984,Pde10a,6,K18438
647,Q8K1M6,74006,Dnm1l,6,K17065
648,Q8K3H0,72993,Appl1,6,K08733
649,Q8VDQ8,64383,Sirt2,6,K11412
650,Q91V12,70025,Acot7,6,K17360
651,Q91V92,104112,Acly,6,K01648
652,Q91XV3,70350,Basp1,6,K17272
653,Q922R8,71853,Pdia6,6,K09584
654,Q99JY9,74117,Actr3,6,K18584
655,Q99L88,20649,Sntb1,6,K24064
656,Q99LX0,57320,Park7,6,K05687
657,Q9CQV8,54401,Ywhab,6,K16197
658,Q9CWZ7,108123,Napg,6,K21198
659,Q9D2M8,70620,Ube2v2,6,K10704
660,Q9D328,67564,Tmem35a,6,K26241
661,Q9D394,52822,Rufy3,6,K24776
662,Q9QYG0,29811,Ndrg2,6,FAIL
663,Q9R0P9,22223,Uchl1,6,K05611
664,Q9WUC3,23934,Ly6h,6,K06846
665,Q9Z0E0,26562,Ncdn,6,FAIL
666,Q9Z1G4,11975,Atp6v0a1,6,K02154
667,Q9Z218,13483,Dpp6,6,K23013
668,A2AG50,78283,Map7d2,7,K24203
669,A2AGT5,75786,Ckap5,7,K16803
670,A2AHC3,227634,Camsap1,7,K17493
671,B2RX14,230594,Tut4,7,K13291
672,E9Q8I9,320365,Fry,7,FAIL
673,O08919,18223,Numbl,7,K06057
674,O35668,15114,Hap1,7,K04647
675,O88685,19182,Psmc3,7,K03065
676,O88738,12211,Birc6,7,K10586
677,P09405,17975,Ncl,7,K11294
678,P11798,12322,Camk2a,7,K04515
679,P13707,14555,Gpd1,7,K00006
680,P20357,17756,Map2,7,K10430
681,P27546,17758,Map4,7,K10431
682,P27671,19417,Rasgrf1,7,K04349
683,P28652,12323,Camk2b,7,K04515
684,P54775,23996,Psmc4,7,K03063
685,P59764,238130,Dock4,7,K17697
686,P61164,54130,Actr1a,7,K16575
687,P62192,19179,Psmc1,7,K03062
688,P70392,19418,Rasgrf2,7,K12326
689,P83741,232341,Wnk1,7,K08867
690,P97379,23881,G3bp2,7,K24983
691,Q05860,14260,Fmn1,7,K10367
692,Q0P5W1,209018,Vps8,7,K20178
693,Q2M3X8,218194,Phactr1,7,K17594
694,Q3TZX8,74035,Nol9,7,K06947
695,Q3UC65,27981,Rsrp1,7,FAIL
696,Q3UHJ0,269774,Aak1,7,K08853
697,Q3UTQ8,382253,Cdkl5,7,K08824
698,Q4U2R1,15204,Herc2,7,K10595
699,Q5RJI5,381979,Brsk1,7,K08796
700,Q61191,15161,Hcfc1,7,K14966
701,Q61214,13548,Dyrk1a,7,K08825
702,Q62417,20411,Sorbs1,7,K06086
703,Q68FF6,216963,Git1,7,K05737
704,Q6A065,545389,Cep170,7,K16463
705,Q6A070,328108,Togaram1,7,K24886
706,Q6NZJ6,208643,Eif4g1,7,K03260
707,Q6PAJ1,110279,Bcr,7,K08878
708,Q6PHZ2,108058,Camk2d,7,K04515
709,Q7TQD2,72948,Tppp,7,K25867
710,Q7TQG1,240753,Plekha6,7,K23797
711,Q7TSJ2,17760,Map6,7,K10432
712,Q80TV8,76707,Clasp1,7,K16578
713,Q80VC9,69697,Camsap3,7,K17493
714,Q80VD1,68215,Fam98b,7,K15434
715,Q80XI3,230861,Eif4g3,7,K03260
716,Q811P8,330914,Arhgap32,7,K20647
717,Q8BPU7,140580,Elmo1,7,K12366
718,Q8BRT1,76499,Clasp2,7,K16578
719,Q8BSS9,327814,Ppfia2,7,K26226
720,Q8C0T5,217692,Sipa1l1,7,K17701
721,Q8C1B1,67886,Camsap2,7,K17493
722,Q8CC35,104027,Synpo,7,K21112
723,Q8CGZ0,27967,Cherp,7,K12841
724,Q8CH77,215690,Nav1,7,K16776
725,Q8CHC4,104015,Synj1,7,K20279
726,Q8CIP4,232944,Mark4,7,K08798
727,Q8K1X1,207425,Wdr11,7,K24260
728,Q8K4I3,73341,Arhgef6,7,K05729
729,Q8VD63,72480,Tspyl4,7,K11287
730,Q8VDP4,219158,Ccar2,7,K25816
731,Q91W50,229663,Csde1,7,FAIL
732,Q91W86,71732,Vps11,7,K20179
733,Q91YD9,73178,Wasl,7,K23612
734,Q921F4,72692,Hnrnpll,7,K13159
735,Q923T9,12325,Camk2g,7,K04515
736,Q99LF4,28088,Rtcb,7,K14415
737,Q99MK8,110355,Grk2,7,K00910
738,Q9CY58,66870,Serbp1,7,K13199
739,Q9D2N9,77573,Vps33a,7,K20182
740,Q9DBC3,74157,Cmtr1,7,K14589
741,Q9ES28,54126,Arhgef7,7,K13710
742,Q9EST3,74203,Eif4enif1,7,K18728
743,Q9JKS5,56541,Habp4,7,K19019
744,Q9QWY8,13196,Asap1,7,K12488
745,Q9QYB8,11519,Add2,7,K18622
746,Q9QZB7,56444,Actr10,7,K16576
747,Q9Z315,20227,Sart1,7,K11984
748,A2AWA9,227800,Rabgap1,8,K20284
749,O08539,30948,Bin1,8,K12562
750,O08553,12934,Dpysl2,8,K07528
751,O08599,20910,Stxbp1,8,K15292
752,O55042,20617,Snca,8,K04528
753,O55106,268980,Strn,8,K17608
754,O70589,12361,Cask,8,K06103
755,O88643,18479,Pak1,8,K04409
756,O88704,15165,Hcn1,8,K04954
757,P00405,17709,COX2,8,K02261
758,P04627,11836,Araf,8,K08845
759,P10637,17762,Mapt,8,K04380
760,P13595,17967,Ncam1,8,K06491
761,P16390,16491,Kcna3,8,K04876
762,P16546,20740,Sptan1,8,K06114
763,P23819,14800,Gria2,8,K05198
764,P24529,21823,Th,8,K00501
765,P28738,16574,Kif5c,8,K10396
766,P33173,16560,Kif1a,8,K10392
767,P42932,12469,Cct8,8,K09500
768,P46096,20979,Syt1,8,K15290
769,P47754,12343,Capza2,8,K10364
770,P47757,12345,Capzb,8,K10365
771,P50518,11973,Atp6v1e1,8,K02150
772,P57746,73834,Atp6v1d,8,K02149
773,P60879,20614,Snap25,8,K18211
774,P62761,26950,Vsnl1,8,K19936
775,P62814,11966,Atp6v1b2,8,K02147
776,P63017,15481,Hspa8,8,K03283
777,P63040,12889,Cplx1,8,K15294
778,P63082,11984,Atp6v0c,8,K02155
779,P63328,19055,Ppp3ca,8,K04348
780,P70175,53310,Dlg3,8,K21098
781,P70302,20866,Stim1,8,K16059
782,P97772,14816,Grm1,8,K04603
783,Q3UHB8,380768,Ccdc177,8,FAIL
784,Q3UHX2,231887,Pdap1,8,FAIL
785,Q3UNH4,26913,Gprin1,8,FAIL
786,Q5HZI2,237397,C2cd4c,8,FAIL
787,Q5SNZ0,108686,Ccdc88a,8,K25392
788,Q5SSL4,109934,Abr,8,K20629
789,Q60598,13043,Cttn,8,K06106
790,Q60771,18417,Cldn11,8,K06087
791,Q60902,13859,Eps15l1,8,K12472
792,Q61327,13162,Slc6a3,8,K05036
793,Q61548,20616,Snap91,8,K20043
794,Q62261,20742,Sptbn1,8,K24260
795,Q6NS60,330369,Fbxo41,8,K10316
796,Q6NSW3,77629,Sphkap,8,FAIL
797,Q6PIC6,232975,Atp1a3,8,K01539
798,Q6PIE5,98660,Atp1a2,8,K01539
799,Q6R891,217124,Ppp1r9b,8,K17551
800,Q7TQF7,218038,Amph,8,K12562
801,Q80SW1,229709,Ahcyl1,8,K01251
802,Q80TJ1,27062,Cadps,8,K19933
803,Q80TQ2,74256,Cyld,8,K08601
804,Q80TZ3,72685,Dnajc6,8,K09526
805,Q80UG5,53860,Septin9,8,K16938
806,Q80XK6,76559,Atg2b,8,K17906
807,Q80Z38,210274,Shank2,8,K15009
808,Q8BGD9,75705,Eif4b,8,K03258
809,Q8BL65,231148,Ablim2,8,K07520
810,Q8C419,241263,Gpr158,8,K08469
811,Q8C8N2,320271,Scai,8,FAIL
812,Q8CGY8,108155,Ogt,8,K09667
813,Q8K2K6,15463,Agfg1,8,K15044
814,Q8VD37,73094,Sgip1,8,K20065
815,Q91V14,57138,Slc12a5,8,K23967
816,Q91VZ6,98366,Smap1,8,K12486
817,Q91YM2,232906,Arhgap35,8,K05732
818,Q91ZZ3,104069,Sncb,8,K24201
819,Q9CR95,67602,Necap1,8,K20069
820,Q9JLB0,56524,Pals2,8,K24048
821,Q9WTL7,26394,Lypla2,8,K06130
822,Q9WUM4,23790,Coro1c,8,K13886
823,Q9WVQ1,50791,Magi2,8,K05629
824,Q9Z0H8,269713,Clip2,8,K10422
825,Q9Z0V1,56543,Kcnd3,8,K04893
826,Q9Z1S5,24050,Septin3,8,K16938
827,Q925T6,74053,Grip1,8,K20251
828,A2A690,77097,Tanc2,9,K26456
829,E9PVA8,231659,Gcn1,9,FAIL
830,O35295,19291,Purb,9,K21799
831,O35593,59029,Psmd14,9,K03030
832,P05132,18747,Prkaca,9,K04345
833,P10126,13627,Eef1a1,9,K03231
834,P10630,13682,Eif4a2,9,K03257
835,P14869,11837,Rplp0,9,K02941
836,P35979,269261,Rpl12,9,K02870
837,P54310,16890,Lipe,9,K07188
838,P58854,259279,Tubgcp3,9,K16570
839,P60229,16341,Eif3e,9,K03250
840,P60469,76787,Ppfia3,9,K26226
841,P60843,13681,Eif4a1,9,K03257
842,P61222,24015,Abce1,9,K06174
843,P61358,19942,Rpl27,9,K02901
844,P62631,13628,Eef1a2,9,K03231
845,P63005,18472,Pafah1b1,9,K16794
846,P70122,66711,Sbds,9,K14574
847,Q04690,18015,Nf1,9,K08052
848,Q05512,13728,Mark2,9,K08798
849,Q3TJZ6,72722,Fam98a,9,FAIL
850,Q3UR70,73122,Tgfbrap1,9,K20177
851,Q60872,13664,Eif1a,9,K03236
852,Q61161,26412,Map4k2,9,K04414
853,Q61655,13680,Ddx19a,9,K18655
854,Q61656,13207,Ddx5,9,K12823
855,Q62167,13205,Ddx3x,9,K11594
856,Q641K1,67269,Agtpbp1,9,K23435
857,Q69Z98,75770,Brsk2,9,K08796
858,Q6A009,78913,Ltn1,9,K22377
859,Q6PCN3,106763,Ttbk1,9,K08815
860,Q6PDI5,230249,Ecpas,9,K11886
861,Q6VH22,67661,Ift172,9,K19676
862,Q6ZQ08,234594,Cnot1,9,K12604
863,Q7TT37,230233,Elp1,9,K11373
864,Q8BG32,69077,Psmd11,9,K03036
865,Q8BH44,235431,Coro2b,9,K13887
866,Q8BK63,93687,Csnk1a1,9,K08957
867,Q8BKH7,227743,Mapkap1,9,K20410
868,Q8C0C7,66590,Farsa,9,K01889
869,Q8C0P5,107684,Coro2a,9,K13887
870,Q8C3F2,207375,Fam120c,9,FAIL
871,Q8C5L3,72068,Cnot2,9,K12605
872,Q8CEC5,69721,Nkiras1,9,K17197
873,Q8K0V4,232791,Cnot3,9,K12580
874,Q8K341,73242,Atat1,9,K19573
875,Q8QZY1,223691,Eif3l,9,K15029
876,Q8R4E6,75029,Purg,9,K21800
877,Q8R5C5,226977,Actr1b,9,K16575
878,Q8VCK3,103768,Tubg2,9,K10389
879,Q8VDM6,232989,Hnrnpul1,9,K15047
880,Q8VHJ5,226778,Mark1,9,K08798
881,Q91WA3,232232,Hdac11,9,K11418
882,Q91WF7,103199,Fig4,9,K22913
883,Q91YR7,68879,Prpf6,9,K12855
884,Q921G8,74237,Tubgcp2,9,K16569
885,Q99JI4,66413,Psmd6,9,K03037
886,Q99NB9,81898,Sf3b1,9,K12828
887,Q99PU8,72831,Dhx30,9,K13185
888,Q9D0R8,268490,Lsm12,9,K23643
889,Q9D7G0,19139,Prps1,9,K00948
890,Q9EPW0,269180,Inpp4a,9,K01109
891,Q9ER35,63828,Fn3k,9,K15522
892,Q9ES74,59125,Nek7,9,K20876
893,Q9JHW4,65967,Eefsec,9,K03833
894,Q9JJ43,268859,Rbfox1,9,K14946
895,Q9JLN9,56717,Mtor,9,K07203
896,Q9JMK2,27373,Csnk1e,9,K08960
897,Q9WUA2,23874,Farsb,9,K01890
898,Q9WV60,56637,Gsk3b,9,K03083
899,Q9Z1G3,66335,Atp6v1c1,9,K02148
900,Q60875,16800,Arhgef2,9,K12791
901,Q6RI63,67544,Fam120b,9,FAIL
902,Q9CSH3,72662,Dis3,9,K12585
903,P83887,103733,Tubg1,9,K10389
904,Q45VK7,110350,Dync2h1,9,K10414
905,Q62101,18760,Prkd1,9,K06070
906,A2ARZ3,241516,Fsip2,10,K26675
907,D3YVF0,238276,Akap5,10,K16522
908,E9Q3C1,207781,C2cd2,10,K26240
909,E9Q7X7,18190,Nrxn2,10,K07377
910,O35474,13612,Edil3,10,K24464
911,O35954,18739,Pitpnm1,10,K24069
912,O70503,56348,Hsd17b12,10,K10251
913,P06837,14432,Gap43,10,K20041
914,P11404,14077,Fabp3,10,K08752
915,P12367,19087,Prkar2a,10,K04739
916,P16054,18754,Prkce,10,K18050
917,P23298,18755,Prkch,10,K18051
918,P31324,19088,Prkar2b,10,K04739
919,P34884,17319,Mif,10,K07253
920,P45481,12914,Crebbp,10,K04498
921,P60853,211134,Lzts1,10,K26460
922,P62806,326619,H4c1,10,K11254
923,P62881,14697,Gnb5,10,K04539
924,P63089,19242,Ptn,10,K16642
925,Q00493,12876,Cpe,10,K01294
926,Q00519,22436,Xdh,10,K00106
927,Q01063,238871,Pde4d,10,K13293
928,Q3UHK8,233833,Tnrc6a,10,K18412
929,Q5SYD0,338367,Myo1d,10,K10356
930,Q60634,14252,Flot2,10,K07192
931,Q64331,17920,Myo6,10,K10358
932,Q6PDN3,107589,Mylk,10,K00907
933,Q6ZPQ6,19679,Pitpnm2,10,K24069
934,Q6ZWQ7,76687,Spcs3,10,K12948
935,Q78PY7,56463,Snd1,10,K15979
936,Q80WC7,231801,Agfg2,10,FAIL
937,Q80WT0,319984,Jph4,10,K19530
938,Q80X80,71764,C2cd2l,10,K26240
939,Q80ZI6,227738,Lrsam1,10,K10641
940,Q8BHF7,74451,Pgs1,10,K00995
941,Q8BHZ0,76820,Cyria,10,FAIL
942,Q8BLJ3,239318,Plcxd3,10,FAIL
943,Q8BNA6,270120,Fat3,10,K16506
944,Q8BRN9,319965,Cc2d1b,10,K18260
945,Q8BTY8,212986,Scfd2,10,FAIL
946,Q8BVQ5,72590,Ppme1,10,K13617
947,Q8BYI9,21960,Tnr,10,K06252
948,Q8CH72,69807,Trim32,10,K10607
949,Q8R5L3,269338,Vps39,10,K20183
950,Q8VCM8,103425,Ncln,10,K26499
951,Q91ZP9,117148,Necab2,10,K23854
952,Q9CQD1,271457,Rab5a,10,K07887
953,Q9CQW1,56418,Ykt6,10,K08516
954,Q9CS84,18189,Nrxn1,10,K07377
955,Q9D1E8,52123,Agpat5,10,K19007
956,Q9D9U9,71870,Cfap45,10,K25551
957,Q9DAM7,103266,Tmem263,10,FAIL
958,Q9DB34,68953,Chmp2a,10,K12191
959,Q9DB60,66469,Prxl2b,10,K15717
960,Q9DBP5,66588,Cmpk1,10,K13800
961,Q9DCF9,67437,Ssr3,10,K13251
962,Q9JHU9,71780,Isyna1,10,K01858
963,Q9JJV2,18645,Pfn2,10,K05759
964,Q9JLJ1,80795,Selenok,10,FAIL
965,Q9QUH0,93692,Glrx,10,K03676
966,Q9QZ06,54473,Tollip,10,K05402
967,Q9WUD6,22423,Wnt8b,10,K00714
968,Q9Z2H2,50779,Rgs6,10,K16449
969,Q6PAK3,381813,Prmt8,10,K11439
970,O08917,14251,Flot1,10,K07192
971,P04370,17196,Mbp,10,K17269
972,Q80YN3,76960,Bcas1,10,FAIL
973,Q8C0M9,66514,Asrgl1,10,K13051
974,Q91V09,73447,Wdr13,10,K24739
975,Q99KR7,105675,Ppif,10,K09565
976,Q9JIF0,15469,Prmt1,10,K11434
977,A2ASS6,22138,Ttn,11,K12567
978,A2RSY6,98685,Trmt1l,11,FAIL
979,A3KFM7,71389,Chd6,11,K14436
980,E9PZM4,244059,Chd2,11,K20091
981,E9Q5C9,70769,Nolc1,11,K25818
982,E9Q634,71602,Myo1e,11,K10356
983,E9Q8T7,110084,Dnah1,11,K10408
984,O70422,14885,Gtf2h4,11,K03144
985,P13864,13433,Dnmt1,11,K00558
986,P25976,21429,Ubtf,11,K09273
987,P30415,18087,Nktr,11,K12740
988,P46735,17912,Myo1b,11,K10356
989,P52479,22224,Usp10,11,K11841
990,P56960,50912,Exosc10,11,K12591
991,P59279,76338,Rab2b,11,K07878
992,P62141,19046,Ppp1cb,11,K06269
993,P81122,384783,Irs2,11,K07187
994,Q04899,18557,Cdk18,11,K15596
995,Q14BB9,208158,Map6d1,11,FAIL
996,Q1HFZ0,28114,Nsun2,11,K15335
997,Q3TFK5,66614,Gpatch4,11,FAIL
998,Q3UFQ8,268747,Carmil3,11,K20493
999,Q5DTM8,109331,Rnf20,11,K10696
1000,Q61024,27053,Asns,11,K01953
1001,Q61048,22380,Wbp4,11,K13220
1002,Q61120,20418,Shc3,11,K17448
1003,Q62018,22083,Ctr9,11,K15176
1004,Q62077,18803,Plcg1,11,K01116
1005,Q62095,26900,Ddx3y,11,K17642
1006,Q69ZB3,239364,Tspyl5,11,K11288
1007,Q69ZF3,230101,Gba2,11,K17108
1008,Q69ZH9,58996,Arhgap23,11,K20315
1009,Q69ZS8,71529,Kazn,11,FAIL
1010,Q6DIC0,67155,Smarca2,11,K11647
1011,Q6I6G8,329152,Hecw2,11,K12168
1012,Q6NV83,67958,U2surp,11,K12842
1013,Q6NZL8,64706,Scube1,11,K24468
1014,Q6PCZ4,107528,Magee1,11,K24127
1015,Q80UU2,227522,Rpp38,11,K14523
1016,Q80X73,105083,Pelo,11,K06965
1017,Q8BJ90,244216,Zfp771,11,FAIL
1018,Q8C052,270058,Map1s,11,K10429
1019,Q8C460,140546,Eri3,11,K18418
1020,Q8CD15,67014,Riox2,11,K21760
1021,Q8CDA1,101490,Inpp5f,11,K21798
1022,Q8K0D0,237459,Cdk17,11,K15595
1023,Q8K4L0,71990,Ddx54,11,K14808
1024,Q8R0F5,209003,Rbmx2,11,K13107
1025,Q8R3N1,75416,Nop14,11,K14766
1026,Q8R409,192231,Hexim1,11,K15189
1027,Q91Z67,14270,Srgap2,11,K07526
1028,Q91Z96,140780,Bmp2k,11,K08854
1029,Q99L48,97112,Nmd3,11,K07562
1030,Q99LX5,67862,2310033P09Rik,11,FAIL
1031,Q99MU3,56417,Adar,11,K12968
1032,Q9CPS7,66249,Pno1,11,K11884
1033,Q9CQR2,66481,Rps21,11,K02971
1034,Q9D0M1,67763,Prpsap1,11,FAIL
1035,Q9D898,74192,Arpc5l,11,K05754
1036,Q9EQ61,64934,Pes1,11,K14843
1037,Q9JIF7,70349,Copb1,11,K17301
1038,Q9QY06,17925,Myo9b,11,K10360
1039,Q9WVA3,12237,Bub3,11,K02180
1040,Q9WVJ2,23997,Psmd13,11,K03039
1041,P63034,19158,Cyth2,11,K18441
1042,Q8K406,213469,Lgi3,11,K19999
1043,A2ARS0,383787,Ankrd63,12,FAIL
1044,E9Q557,109620,Dsp,12,K10381
1045,O35099,26408,Map3k5,12,K04426
1046,O35609,24045,Scamp3,12,K19995
1047,O55029,50797,Copb2,12,K17302
1048,O55234,19173,Psmb5,12,K02737
1049,O70435,19167,Psma3,12,K02727
1050,O70456,55948,Sfn,12,K06644
1051,P00493,15452,Hprt,12,K00760
1052,P07356,12306,Anxa2,12,K17092
1053,P11438,16783,Lamp1,12,K06528
1054,P12388,18788,Serpinb2,12,K19821
1055,P14602,15507,Hspb1,12,K04455
1056,P17897,17110,Lyz1,12,K13915
1057,P18242,13033,Ctsd,12,K01379
1058,P20029,14828,Hspa5,12,K09490
1059,P23492,18950,Pnp,12,K03783
1060,P24270,12359,Cat,12,K03781
1061,P35492,15109,Hal,12,K01745
1062,P48678,16905,Lmna,12,K12641
1063,P49722,19166,Psma2,12,K02726
1064,P51660,15488,Hsd17b4,12,K12405
1065,P53395,13171,Dbt,12,K09699
1066,P63038,15510,Hspd1,12,K04077
1067,P70362,22230,Ufd1,12,K14016
1068,P70694,83702,Akr1c6,12,FAIL
1069,P97350,18772,Pkp1,12,K10387
1070,P97823,18777,Lypla1,12,K06128
1071,P99026,19172,Psmb4,12,K02736
1072,Q02257,16480,Jup,12,K10056
1073,Q07076,11750,Anxa7,12,K17095
1074,Q08189,21818,Tgm3,12,K05620
1075,Q2VIS4,229574,Flg2,12,K10384
1076,Q3TPX4,105504,Exoc5,12,K19984
1077,Q61171,21672,Prdx2,12,K03386
1078,Q61176,11846,Arg1,12,K01476
1079,Q69ZW3,216565,Ehbp1,12,K25572
1080,Q6GQR8,67230,Zfp329,12,FAIL
1081,Q6URW6,71960,Myh14,12,K10352
1082,Q6ZWQ0,319565,Syne2,12,K19346
1083,Q7TMY8,59026,Huwe1,12,K10592
1084,Q7TPC1,386463,Cdsn,12,K23457
1085,Q7TSF1,225256,Dsg1b,12,K07596
1086,Q7TT45,52187,Rragd,12,K16186
1087,Q8BWY3,225363,Etf1,12,K03265
1088,Q8BYH8,109151,Chd9,12,K14438
1089,Q8K4L4,69693,Pof1b,12,K23917
1090,Q8R016,104184,Blmh,12,K01372
1091,Q8R146,235606,Apeh,12,K01303
1092,Q8VED9,216551,Lgalsl,12,FAIL
1093,Q8VHN7,110789,Adgrv1,12,K18263
1094,Q91UZ5,114663,Impa2,12,K01092
1095,Q91ZK0,226896,Tfap2d,12,K09178
1096,Q9D1D4,68581,Tmed10,12,K20352
1097,Q9D824,66899,Fip1l1,12,K14405
1098,Q9EST1,57911,Gsdma,12,K22141
1099,Q9JHR7,15925,Ide,12,K01408
1100,Q9JLF6,21816,Tgm1,12,K05619
1101,Q9QUM9,26443,Psma6,12,K02730
1102,Q9R0Q3,56334,Tmed2,12,K20347
1103,Q9R1P0,26441,Psma4,12,K02728
1104,Q9WV54,11886,Asah1,12,K12348
1105,Q9Z0L8,14590,Ggh,12,K01307
1106,Q9Z277,22385,Baz1b,12,K11658
1107,Q9Z2U0,26444,Psma7,12,K02731
1108,Q9Z2U1,26442,Psma5,12,K02729
1109,A0A1W2P872,384569,Nova2,13,K14944
1110,B2RR83,240255,Ythdc2,13,K20099
1111,O35691,18949,Pnn,13,K13114
1112,O70133,13211,Dhx9,13,K13184
1113,O70305,20239,Atxn2,13,K23625
1114,P03995,14580,Gfap,13,K05640
1115,P17225,19205,Ptbp1,13,K13218
1116,P20152,22352,Vim,13,K07606
1117,P22892,11765,Ap1g1,13,K12391
1118,P26638,20226,Sars,13,K01875
1119,P29341,18458,Pabpc1,13,K13126
1120,P35922,14265,Fmr1,13,K15516
1121,P42669,19290,Pura,13,K21772
1122,P54823,13209,Ddx6,13,K12614
1123,P57776,66656,Eef1d,13,K15410
1124,P59708,66055,Sf3b6,13,K12833
1125,P61979,15387,Hnrnpk,13,K12886
1126,P62317,107686,Snrpd2,13,K11096
1127,P62320,67332,Snrpd3,13,K11088
1128,P63163,20646,Snrpn,13,K11100
1129,P97801,20595,Smn1,13,K13129
1130,Q3UJB9,234699,Edc4,13,K12616
1131,Q61035,15115,Hars,13,K01892
1132,Q61584,14359,Fxr1,13,K15516
1133,Q61701,15572,Elavl4,13,K13208
1134,Q61937,18148,Npm1,13,K11276
1135,Q62448,13690,Eif4g2,13,K03260
1136,Q69ZP3,56695,Pnkd,13,K23864
1137,Q6A0A9,218236,Fam120a,13,FAIL
1138,Q6GYP7,56784,Ralgapa1,13,K25768
1139,Q6NZL0,67412,Soga3,13,FAIL
1140,Q7TQH0,233871,Atxn2l,13,K23625
1141,Q7TSC1,53761,Prrc2a,13,FAIL
1142,Q7TSY6,108013,Celf4,13,K13207
1143,Q80WQ2,234729,Vac14,13,K15305
1144,Q80X50,74383,Ubap2l,13,K26545
1145,Q8BG05,229279,Hnrnpa3,13,K12741
1146,Q8BQZ4,228850,Ralgapb,13,K25769
1147,Q8BVL9,76071,Jakmip1,13,K24783
1148,Q8BX17,216766,Gemin5,13,K13133
1149,Q8BY02,77286,Nkrf,13,FAIL
1150,Q8C008,241688,Dzank1,13,FAIL
1151,Q8C854,17876,Myef2,13,K24992
1152,Q8CH09,234373,Sugp2,13,K13166
1153,Q8K310,17184,Matr3,13,K13213
1154,Q8VD65,75669,Pik3r4,13,K08333
1155,Q8VDJ3,110611,Hdlbp,13,FAIL
1156,Q91YD3,75901,Dcp1a,13,K12610
1157,Q921F2,230908,Tardbp,13,K23600
1158,Q99KX1,30853,Mlf2,13,FAIL
1159,Q9CYC6,70640,Dcp2,13,K12613
1160,Q9D8N0,67160,Eef1g,13,K03233
1161,Q9DCD2,67439,Xab2,13,K12867
1162,Q9EPU0,19704,Upf1,13,K14326
1163,Q9ESJ4,80987,Nckipsd,13,FAIL
1164,Q9JJY4,53975,Ddx20,13,K13131
1165,Q9JKP5,56758,Mbnl1,13,K14943
1166,Q9JLV5,26554,Cul3,13,K03869
1167,Q9QYH6,94275,Maged1,13,K12464
1168,Q9WVR4,23879,Fxr2,13,K15516
1169,Q9Z1D1,53356,Eif3g,13,K03248
1170,Q9Z1Q9,22321,Vars,13,K01873
1171,Q9Z1X4,16201,Ilf3,13,K13090
1172,Q9Z204,15381,Hnrnpc,13,K12884
1173,E9PZJ8,77987,Ascc3,14,K18663
1174,O09167,19933,Rpl21,14,K02889
1175,O54784,13144,Dapk3,14,K08803
1176,O55142,57808,Rpl35a,14,K02917
1177,P12970,27176,Rpl7a,14,K02936
1178,P14148,19989,Rpl7,14,K02937
1179,P19253,22121,Rpl13a,14,K02872
1180,P27659,27367,Rpl3,14,K02925
1181,P35585,11767,Ap1m1,14,K12393
1182,P40694,20589,Ighmbp2,14,K19036
1183,P41105,19943,Rpl28,14,K02903
1184,P47911,19988,Rpl6,14,K02934
1185,P47962,100503670,Rpl5,14,K02932
1186,P47963,270106,Rpl13,14,K02873
1187,P47964,54217,Rpl36,14,K02920
1188,P53026,19896,Rpl10a,14,K02865
1189,P61255,19941,Rpl26,14,K02898
1190,P62717,76808,Rpl18a,14,K02882
1191,P62751,268449,Rpl23a,14,K02893
1192,P62889,19946,Rpl30,14,K02908
1193,P62900,114641,Rpl31,14,K02910
1194,P62911,19951,Rpl32,14,K02912
1195,P62918,26961,Rpl8,14,K02938
1196,P68040,14694,Rack1,14,K14753
1197,P83510,665113,Tnik,14,K08840
1198,P84099,19921,Rpl19,14,K02885
1199,P97393,11855,Arhgap5,14,K13709
1200,Q499E5,71069,Stox2,14,FAIL
1201,Q5SU73,12812,Coil,14,K13150
1202,Q5U4C1,67298,Gprasp1,14,K26231
1203,Q62376,20637,Snrnp70,14,K11093
1204,Q640M1,72554,Utp14a,14,K14567
1205,Q6A068,71702,Cdc5l,14,K12860
1206,Q7TPH6,105689,Mycbp2,14,K10693
1207,Q7TPV4,18432,Mybbp1a,14,K02331
1208,Q80UM3,74838,Naa15,14,K20792
1209,Q8C170,270163,Myo9a,14,K10360
1210,Q8C7Q4,19653,Rbm4,14,K13187
1211,Q8CGI1,231128,Fam193a,14,FAIL
1212,Q8CH25,66660,Sltm,14,K25093
1213,Q8R3L2,66855,Tcf25,14,K24970
1214,Q8VCC9,233744,Spon1,14,K24427
1215,Q8VEK3,51810,Hnrnpu,14,K12888
1216,Q91VR5,104721,Ddx1,14,K13177
1217,Q91WJ7,67198,Spats2l,14,FAIL
1218,Q91WQ3,107271,Yars,14,K01866
1219,Q922U1,70767,Prpf3,14,K12843
1220,Q99M28,19826,Rnps1,14,K14325
1221,Q9CPT5,28126,Nop16,14,FAIL
1222,Q9CR57,67115,Rpl14,14,K02875
1223,Q9CX86,77134,Hnrnpa0,14,K12894
1224,Q9D1R9,68436,Rpl34,14,K02915
1225,Q9D2U9,78303,H2bc27,14,K11252
1226,Q9D823,67281,Rpl37,14,K02922
1227,Q9D8E6,67891,Rpl4,14,K02930
1228,Q9DCH4,66085,Eif3f,14,K03249
1229,Q9EP97,80886,Senp3,14,K08593
1230,Q9ESC8,93736,Aff4,14,K15185
1231,Q9JJI8,67671,Rpl38,14,K02923
1232,Q9JJT0,59028,Rcl1,14,K11108
1233,Q9WTX2,23992,Prkra,14,K24540
1234,Q9Z108,20853,Stau1,14,K17597
1235,O70194,55944,Eif3d,14,K03251
1236,Q9JIK5,56200,Ddx21,14,K16911
1237,A2APV2,71409,Fmnl2,15,K23957
1238,O08989,17532,Mras,15,K07831
1239,O55131,235072,Septin7,15,K16944
1240,O88343,54403,Slc4a4,15,K13575
1241,O88844,15926,Idh1,15,K00031
1242,P02301,625328,H3f3c,15,K11253
1243,P46097,20980,Syt2,15,K19902
1244,P54923,11544,Adprh,15,K01245
1245,P62482,16498,Kcnab2,15,K04883
1246,Q3TDQ1,68292,Stt3b,15,K07151
1247,Q5XJV6,381983,Lmtk3,15,K08899
1248,Q60605,17904,Myl6,15,K12751
1249,Q60780,14457,Gas7,15,K18618
1250,Q61595,16709,Ktn1,15,K17975
1251,Q61879,77579,Myh10,15,K10352
1252,Q80WJ7,67154,Mtdh,15,K26435
1253,Q8BG89,216049,Zfp365,15,K16737
1254,Q8BKX1,108100,Baiap2,15,K05627
1255,Q8BMK4,216197,Ckap4,15,K13999
1256,Q8BTV1,80286,Tusc3,15,K19478
1257,Q8BU14,69276,Sec62,15,K12275
1258,Q8BXV2,76809,Bri3bp,15,FAIL
1259,Q8BZN6,210293,Dock10,15,K21853
1260,Q8C1B7,52398,Septin11,15,K16939
1261,Q8CHH9,20362,Septin8,15,K16939
1262,Q8R0S4,12298,Cacnb4,15,K04865
1263,Q8R0X7,20397,Sgpl1,15,K01634
1264,Q8VDD5,17886,Myh9,15,K10352
1265,Q8VHE0,140740,Sec63,15,K09540
1266,Q91YQ5,103963,Rpn1,15,K12666
1267,Q921L3,68944,Tmco1,15,K21891
1268,Q922Q8,98238,Lrrc59,15,FAIL
1269,Q99LH2,19210,Ptdss1,15,K08729
1270,Q99PL5,81910,Rrbp1,15,K14000
1271,Q9CQY5,67075,Magt1,15,K19478
1272,Q9D024,67163,Ccdc47,15,K24962
1273,Q9DBG7,67398,Srpr,15,K13431
1274,Q9EPN1,26422,Nbea,15,K24183
1275,Q9ET77,57340,Jph3,15,K19530
1276,Q9JL04,54418,Fmn2,15,K02184
1277,Q9QYJ0,56445,Dnaja2,15,K09503
1278,Q9R0N3,229521,Syt11,15,K19911
1279,Q9R0N7,54525,Syt7,15,K19907
1280,Q9Z2Q6,18951,Septin5,15,K04557
1281,O70318,13822,Epb41l2,15,K23961
1282,P16330,12799,Cnp,15,K01121
1283,Q80ZJ1,76108,Rap2a,15,K07837
1284,Q9D2P8,17433,Mobp,15,FAIL
1285,Q9Z1B3,18795,Plcb1,15,K05858
1286,Q62159,11853,Rhoc,15,K07857
1287,P27600,14673,Gna12,15,K04346
1288,P55096,19299,Abcd3,15,K05677
1289,O08784,21453,Tcof1,16,K14562
1290,O35495,18647,Cdk14,16,K08821
1291,O88809,13193,Dcx,16,K16579
1292,P15105,14645,Glul,16,K01915
1293,P26043,19684,Rdx,16,K05762
1294,P47743,14823,Grm8,16,K04610
1295,P67871,13001,Csnk2b,16,K03115
1296,P70279,20935,Surf6,16,FAIL
1297,P84104,20383,Srsf3,16,K12892
1298,Q14AX6,69131,Cdk12,16,K08819
1299,Q5XJY5,213827,Arcn1,16,K20471
1300,Q61097,16706,Ksr1,16,K14958
1301,Q6DFV5,78455,Helz,16,K25168
1302,Q6PFX7,243300,Nyap1,16,FAIL
1303,Q6ZQ38,71902,Cand1,16,K17263
1304,Q7TPV2,224170,Dzip3,16,K10642
1305,Q80U30,74374,Clec16a,16,K19513
1306,Q80V91,80904,Dtx3,16,K06058
1307,Q80Y24,243548,Prickle2,16,K04511
1308,Q8BGS0,67920,Mak16,16,K14831
1309,Q8BL97,225027,Srsf7,16,K12896
1310,Q8BP48,75624,Metap1,16,K01265
1311,Q8BSZ2,11778,Ap3s2,16,K12399
1312,Q8BVG4,224897,Dpp9,16,K08656
1313,Q8BYK8,78751,Zc3h6,16,FAIL
1314,Q8C6B9,66538,Rps19bp1,16,K26536
1315,Q8CB77,27224,Eloa,16,K15076
1316,Q8CHW4,224045,Eif2b5,16,K03240
1317,Q8CI96,78785,Clip4,16,K10423
1318,Q8K202,64424,Polr1e,16,K03005
1319,Q8K2X3,108689,Stn1,16,K23312
1320,Q8R574,212627,Prpsap2,16,FAIL
1321,Q91WC0,52690,Setd3,16,K19199
1322,Q91XU0,78903,Wrnip1,16,K07478
1323,Q91Y86,26419,Mapk8,16,K04440
1324,Q91ZM2,20399,Sh2b1,16,K12459
1325,Q91ZU6,13518,Dst,16,K10382
1326,Q9CQR6,67857,Ppp6c,16,K15498
1327,Q9CXY6,67781,Ilf2,16,K13089
1328,Q9D1H7,67604,Get4,16,K23387
1329,Q9DBH0,66894,Wwp2,16,K05630
1330,Q9DBT5,109674,Ampd2,16,K01490
1331,Q9DBY5,494448,Cbx6,16,K11453
1332,Q9ERU9,19386,Ranbp2,16,K12172
1333,Q9JJ28,14248,Flii,16,FAIL
1334,Q9R0N8,54524,Syt6,16,K19906
1335,Q9R0Q6,56443,Arpc1a,16,K05757
1336,Q9Z2V6,15184,Hdac5,16,K11406
1337,S4R1M9,74486,Osbpl10,16,K20465
1338,O35963,19338,Rab33b,17,K07920
1339,O88935,20964,Syn1,17,K19941
1340,P35279,19346,Rab6a,17,K07893
1341,P35282,216344,Rab21,17,K07890
1342,P39053,13429,Dnm1,17,K01528
1343,P46460,18195,Nsf,17,K06027
1344,P50516,11964,Atp6v1a,17,K02145
1345,P59016,233405,Vps33b,17,K23281
1346,P61027,19325,Rab10,17,K07903
1347,P61226,74012,Rap2b,17,K07838
1348,P62821,19324,Rab1a,17,K07874
1349,P62823,67295,Rab3c,17,K07883
1350,P63011,19339,Rab3a,17,K07882
1351,Q3TDK6,66049,Rogdi,17,K24628
1352,Q62277,20977,Syp,17,FAIL
1353,Q64332,20965,Syn2,17,K19941
1354,Q68FD5,67300,Cltc,17,K04646
1355,Q68FE2,245860,Atg9a,17,K17907
1356,Q69ZS6,75209,Sv2c,17,K06258
1357,Q80U56,78937,Avl9,17,FAIL
1358,Q8BG39,64176,Sv2b,17,K06258
1359,Q8BH66,73991,Atl1,17,K17339
1360,Q8BHL5,140579,Elmo2,17,K18985
1361,Q8BLE7,140919,Slc17a6,17,K12302
1362,Q8BPN8,235380,Dmxl2,17,K24155
1363,Q8BVE3,108664,Atp6v1h,17,K02144
1364,Q8BX70,320528,Vps13c,17,K19525
1365,Q8C9J3,320277,Spef2,17,K25615
1366,Q8R1Q8,235661,Dync1li1,17,K10416
1367,Q920I9,104082,Wdr7,17,K24738
1368,Q922D8,108156,Mthfd1,17,K00288
1369,Q99PU5,94180,Acsbg1,17,K15013
1370,Q9D1G1,76308,Rab1b,17,K07875
1371,Q9JHU4,13424,Dync1h1,17,K10413
1372,Q9JIS5,64051,Sv2a,17,K06258
1373,Q9JKD3,56807,Scamp5,17,K19995
1374,Q9QXY6,57440,Ehd3,17,K12476
1375,P35283,19328,Rab12,17,K07907
1376,Q3TXX4,72961,Slc17a7,17,K12302
1377,Q9CZT8,69908,Rab3b,17,K06108
1378,O09005,13244,Degs1,18,K04712
1379,O88291,54367,Zfp326,18,K13204
1380,P26369,22185,U2af2,18,K12837
1381,P35980,19899,Rpl18,18,K02883
1382,P47915,19944,Rpl29,18,K02905
1383,P60335,23983,Pcbp1,18,K12889
1384,P61967,11769,Ap1s1,18,K12394
1385,P62862,14109,Fau,18,K02983
1386,Q3TLH4,226562,Prrc2c,18,FAIL
1387,Q3UEB3,67959,Puf60,18,K12838
1388,Q3UL36,234023,Arglu1,18,K13173
1389,Q3UPL0,69162,Sec31a,18,K14005
1390,Q61990,18521,Pcbp2,18,K13162
1391,Q62407,11790,Speg,18,K08809
1392,Q64152,218490,Btf3,18,K01527
1393,Q6ZWV7,100038991,Gm2000,18,FAIL
1394,Q7TN98,67579,Cpeb4,18,K02602
1395,Q7TN99,208922,Cpeb3,18,K02602
1396,Q7TPM1,227723,Prrc2b,18,FAIL
1397,Q80U78,80912,Pum1,18,K17943
1398,Q812E0,231207,Cpeb2,18,K02602
1399,Q8C2Q3,56275,Rbm14,18,K13189
1400,Q8C570,66679,Rae1,18,K14298
1401,Q8CJG0,239528,Ago2,18,K11593
1402,Q8VCD6,225362,Reep2,18,K17338
1403,Q91VC3,192170,Eif4a3,18,K13025
1404,Q91Z49,69823,Fyttd1,18,FAIL
1405,Q99K48,53610,Nono,18,K13214
1406,Q9CQA1,66682,Trappc5,18,K20280
1407,Q9CQC9,66397,Sar1b,18,K07953
1408,Q9CZM2,66480,Rpl15,18,K02877
1409,Q9D0E1,76936,Hnrnpm,18,K12887
1410,Q9D8M4,66229,Rpl7l1,18,FAIL
1411,Q9ET80,57339,Jph1,18,K19530
1412,Q9JJJ7,53627,Porcn,18,K00181
1413,Q9WUQ2,50907,Preb,18,K14003
1414,Q9WV02,19655,Rbmx,18,K12885
1415,Q9Z1N5,53817,Ddx39b,18,K12812
1416,Q9Z2X8,50868,Keap1,18,K10456
1417,O08739,11717,Ampd3,19,K01490
1418,O08807,53381,Prdx4,19,K03386
1419,O88693,22234,Ugcg,19,K00720
1420,P05064,11674,Aldoa,19,K01623
1421,P06151,16828,Ldha,19,K00016
1422,P17156,15512,Hspa2,19,K26598
1423,P17751,21991,Tpi1,19,K01803
1424,P21550,13808,Eno3,19,K01689
1425,P30275,12716,Ckmt1,19,K00933
1426,P52480,18746,Pkm,19,K00873
1427,P58771,22003,Tpm1,19,K10373
1428,P60710,11461,Actb,19,K05692
1429,P61211,104303,Arl1,19,K07942
1430,P63242,276770,Eif5a,19,K03263
1431,P68134,11459,Acta1,19,K10354
1432,P97789,24127,Xrn1,19,K12618
1433,Q03141,17169,Mark3,19,K08798
1434,Q3UVC0,333050,Ksr2,19,K18529
1435,Q3V1V3,66580,Esf1,19,FAIL
1436,Q4JIM5,11352,Abl2,19,K08887
1437,Q5SX39,17884,Myh4,19,K24220
1438,Q5SX40,17879,Myh1,19,K24220
1439,Q64511,21974,Top2b,19,K03164
1440,Q69ZA1,69562,Cdk13,19,K08819
1441,Q69ZB0,71710,Lrrcc1,19,K16475
1442,Q6P5D3,106794,Dhx57,19,K13026
1443,Q6P5F9,103573,Xpo1,19,K14290
1444,Q6PF93,225326,Pik3c3,19,K00914
1445,Q80TL7,67074,Mon2,19,K26678
1446,Q8BFU3,235315,Rnf214,19,FAIL
1447,Q8BJL0,54380,Smarcal1,19,K14440
1448,Q8CI94,110078,Pygb,19,K00688
1449,Q99NH0,81702,Ankrd17,19,K16726
1450,Q9D883,108121,U2af1,19,K12836
1451,Q9DBJ1,18648,Pgam1,19,K01834
1452,Q9ERK4,110750,Cse1l,19,K18423
1453,Q9JIX8,56215,Acin1,19,K12875
1454,Q9R0Y5,11636,Ak1,19,K00939
1455,Q9WUB3,19309,Pygm,19,K00688
1456,A2AQ25,208618,Etl4,20,FAIL
1457,O35857,21856,Timm44,20,K17804
1458,O88737,12217,Bsn,20,FAIL
1459,P08551,18039,Nefl,20,K04572
1460,P08553,18040,Nefm,20,K04573
1461,P19246,380684,Nefh,20,K04574
1462,P46660,226180,Ina,20,K07608
1463,P49025,12704,Cit,20,K16308
1464,Q5DU25,245666,Iqsec2,20,K12495
1465,Q62108,13385,Dlg4,20,K11828
1466,Q6P4S6,70661,Sik3,20,K19009
1467,Q6PFD5,242667,Dlgap3,20,FAIL
1468,Q6PH08,238988,Erc2,20,K19878
1469,Q80TE7,242274,Lrrc7,20,K24055
1470,Q80TT2,545192,Baiap3,20,K15621
1471,Q80U23,241727,Snph,20,FAIL
1472,Q80U28,228355,Madd,20,K26162
1473,Q8K0C9,218138,Gmds,20,K01711
1474,Q91XM9,23859,Dlg2,20,K12075
1475,Q9Z2H5,13821,Epb41l1,20,K23961
1476,Q9Z2Y3,26556,Homer1,20,K15010
1477,F6SEU4,240057,Syngap1,20,K17631
1478,G5E8K5,11735,Ank3,20,K10380
1479,P35438,14810,Grin1,20,K05208
1480,Q4ACU6,58234,Shank3,20,K15009
1481,Q60803,22031,Traf3,20,K03174
1482,Q99NE5,116837,Rims1,20,K15291
1483,Q9QWI6,56013,Srcin1,20,K19930
1484,Q6P5U7,319807,Nwd2,20,K24734
1485,Q9WVK4,13660,Ehd1,20,K12483
1486,A2ALS5,110351,Rap1gap,20,K17700
1487,Q80W47,74781,Wipi2,20,K17908
1488,Q8C8R3,109676,Ank2,20,K10380
1489,Q01097,14812,Grin2b,20,K05210
1490,Q4KUS2,382018,Unc13a,20,K15293
1491,Q8BYC6,330177,Taok3,20,K04429
1492,Q9QYX7,26875,Pclo,20,K16882
1493,E9Q401,20191,Ryr2,21,K04962
1494,O08547,20333,Sec22b,21,K08517
1495,O70251,55949,Eef1b2,21,K03232
1496,O70252,15369,Hmox2,21,K21418
1497,P10639,22166,Txn1,21,K03671
1498,P49312,15382,Hnrnpa1,21,K12741
1499,P97390,22365,Vps45,21,K12479
1500,Q3TLI0,216131,Trappc10,21,K20307
1501,Q3U0M1,76510,Trappc9,21,K20306
1502,Q5SV85,217030,Synrg,21,K25219
1503,Q5SWP3,192950,Nacad,21,FAIL
1504,Q5SYL3,72503,Bltp2,21,FAIL
1505,Q6GV12,70750,Kdsr,21,K04708
1506,Q6NZC7,207352,Sec23ip,21,FAIL
1507,Q8BGD5,78070,Cpt1c,21,K19524
1508,Q8BGQ1,104799,Vipas39,21,K23287
1509,Q8BMG7,98732,Rab3gap2,21,K19937
1510,Q8BZ36,72772,Rint1,21,K20474
1511,Q8CBY8,67665,Dctn4,21,K10426
1512,Q8CFE4,213326,Scyl2,21,K17541
1513,Q8K0T0,104001,Rtn1,21,K20721
1514,Q8K2D3,353190,Edc3,21,K12615
1515,Q8K4R4,71795,Pitpnc1,21,FAIL
1516,Q8R1A4,67299,Dock7,21,K21852
1517,Q8R1Z9,75212,Rnf121,21,K15698
1518,Q8R361,52055,Rab11fip5,21,K12484
1519,Q8VD04,54645,Gripap1,21,FAIL
1520,Q99KN9,216705,Clint1,21,K24721
1521,Q99P72,68585,Rtn4,21,K20720
1522,Q9ES97,20168,Rtn3,21,K20723
1523,Q9QXS6,56320,Dbn1,21,K25391
1524,Q9QY76,56491,Vapb,21,K10707
1525,Q9R0L6,18536,Pcm1,21,K16537
1526,Q9WV55,30960,Vapa,21,K06096
1527,Q9Z0R4,16443,Itsn1,21,K20045
1528,Q9Z2C4,53332,Mtmr1,21,K18081
1529,P63325,67097,Rps10,22,K02947
1530,Q3UFM5,433864,Nom1,22,K17583
1531,Q6P4T2,320632,Snrnp200,22,K12854
1532,Q8BK35,68077,Nop53,22,K14840
1533,Q91VE6,67949,Nifk,22,K14838
1534,Q99KK2,12764,Cmas,22,K21749
1535,Q99KP6,28000,Prpf19,22,K10599
1536,Q99NF2,56876,Nsmf,22,K23844
1537,A4Q9F0,70892,Ttll7,22,K16583
1538,O88852,22110,Tspyl1,22,K11284
1539,O89114,56323,Dnajb5,22,K09511
1540,P62270,20084,Rps18,22,K02964
1541,P62843,20054,Rps15,22,K02958
1542,P62984,22186,Uba52,22,K02927
1543,P97762,55934,Rp9,22,K19604
1544,Q0KK55,76484,Kndc1,22,FAIL
1545,Q0PHV7,629378,Dact3,22,K22154
1546,Q2NL51,606496,Gsk3a,22,K08822
1547,Q3URQ0,269536,Tex10,22,K14827
1548,Q5BLK4,214290,Tut7,22,K13291
1549,Q60760,14783,Grb10,22,K20064
1550,Q7TPM9,233315,Mtmr10,22,K18085
1551,Q80U95,100763,Ube3c,22,K10589
1552,Q8BN59,67557,Larp6,22,K18733
1553,Q8BZX4,218543,Srek1,22,K13165
1554,Q8R307,228545,Vps18,22,K20181
1555,Q920Q4,80743,Vps16,22,K20180
1556,Q99KK1,28193,Reep3,22,K17338
1557,Q99LD9,217715,Eif2b2,22,K03754
1558,Q9CZX0,74195,Elp3,22,K07739
1559,Q9D2E2,68276,Toe1,22,K13202
1560,Q9Z1J2,23955,Nek4,22,K08857
1561,Q9Z2B9,56613,Rps6ka4,22,K16510
1562,Q9CXW4,67025,Rpl11,22,K02868
1563,B1AY13,329908,Usp24,23,K11840
1564,E9Q4Z2,100705,Acacb,23,K01946
1565,O08688,12337,Capn5,23,K08574
1566,O09061,19170,Psmb1,23,K02732
1567,P11152,16956,Lpl,23,K01059
1568,P35700,18477,Prdx1,23,K13279
1569,P63168,56455,Dynll1,23,K10418
1570,P70182,18720,Pip5k1a,23,K00889
1571,Q01405,20334,Sec23a,23,K14006
1572,Q02357,11733,Ank1,23,K10380
1573,Q3UYC0,319468,Ppm1h,23,K17503
1574,Q5F2E7,68564,Nufip2,23,FAIL
1575,Q5SWU9,107476,Acaca,23,K11262
1576,Q6DFV3,71435,Arhgap21,23,K20315
1577,Q8BJY1,66998,Psmd5,23,K06692
1578,Q8K3P0,70061,Sdr9c7,23,K24425
1579,Q8R570,67826,Snap47,23,K18212
1580,Q920N2,110948,Hlcs,23,K01942
1581,Q9CQ20,68041,Mid1ip1,23,FAIL
1582,Q9CWK8,67804,Snx2,23,K17917
1583,Q9CZD3,353172,Gars,23,K01880
1584,Q9D8B3,75608,Chmp4b,23,K12194
1585,Q9D906,74244,Atg7,23,K08337
1586,Q9Z0P4,18483,Palm,23,K16519
1587,Q9Z1F9,50995,Uba2,23,K10685
1588,Q8C078,207565,Camkk2,23,K07359
1589,P34152,14083,Ptk2,23,K05725
1590,P61750,11843,Arf4,23,K07939
1591,Q61315,11789,Apc,23,K02085
1592,Q8BGS1,226352,Epb41l5,23,K23963
1593,Q8BP00,320299,Iqcb1,23,K16774
1594,Q8BSL7,11841,Arf2,23,K07937
1595,Q9JKX6,53893,Nudt5,23,K13987
1596,O35492,102414,Clk3,24,K08823
1597,P17141,22696,Zfp37,24,K09228
1598,P62137,19045,Ppp1ca,24,K06269
1599,P62301,68052,Rps13,24,K02953
1600,P63330,19052,Ppp2ca,24,K04382
1601,P97434,26936,Mprip,24,K23792
1602,Q3TKT4,20586,Smarca4,24,K11647
1603,Q5SXY1,432572,Specc1,24,K23028
1604,Q6PAQ4,227656,Rexo4,24,K18327
1605,Q6PGC1,218629,Dhx29,24,K18995
1606,Q80UP3,104418,Dgkz,24,K00901
1607,Q8BGA5,52705,Krr1,24,K06961
1608,Q8BGB5,67803,Limd2,24,FAIL
1609,Q8BJH1,67306,Zc2hc1a,24,FAIL
1610,Q8K268,27406,Abcf3,24,K06158
1611,Q8K284,233863,Gtf3c1,24,K15199
1612,Q8R071,228550,Itpka,24,K00911
1613,Q8R4U7,269593,Luzp1,24,K25831
1614,Q8VDP2,77644,Steep1,24,K24996
1615,Q91YR5,71449,Mettl13,24,K25166
1616,Q9DBB4,66897,Naa16,24,K20792
1617,Q9QUG9,19395,Rasgrp2,24,K12361
1618,Q62511,109910,Zfp91,24,K25175
1619,Q6NZN0,74213,Rbm26,24,K13192
1620,P54729,53312,Nub1,24,FAIL
1621,Q6PDX6,66743,Rnf220,24,K25174
1622,Q80YR4,213753,Zfp598,24,K22381
1623,Q99JX7,53319,Nxf1,24,K14284
1624,Q9D3A8,70729,Nos1ap,24,K16513
1625,Q9D7H3,66368,Rtca,24,K01974
1626,Q9DA19,66935,Cir1,24,K06066
1627,Q8CI11,30877,Gnl3,24,K14538
1628,Q9D4J7,70998,Phf6,24,K23310
1629,A2A3V1,338351,Akap17b,25,K13169
1630,O54785,16886,Limk2,25,K05744
1631,O55091,16210,Impact,25,FAIL
1632,O88569,53379,Hnrnpa2b1,25,K13158
1633,O89112,14768,Lancl1,25,K25210
1634,P10854,319186,H2bc14,25,K11252
1635,Q0HA38,73668,Ttc21b,25,K19673
1636,Q3UGY8,215821,Arfgef3,25,K17572
1637,Q60960,16646,Kpna1,25,K23940
1638,Q6ZQB6,227399,Ppip5k2,25,K13024
1639,Q8BJ05,75553,Zc3h14,25,K23038
1640,Q8BJW6,229317,Eif2a,25,K15026
1641,Q8BMA6,217337,Srp68,25,K03107
1642,Q8C1Z7,102774,Bbs4,25,K16531
1643,Q8C5N3,80744,Cwc22,25,K13100
1644,Q8CCK0,404634,Macroh2a2,25,K11251
1645,Q8CDG3,70675,Vcpip1,25,K11861
1646,Q8JZX4,76938,Rbm17,25,K12840
1647,Q91YK0,102747,Lrrc49,25,K16606
1648,Q925E7,52432,Ppp2r2d,25,K04354
1649,Q9CQC6,66882,Bzw1,25,FAIL
1650,Q9CQE8,68045,Rtraf,25,K15433
1651,Q9CQG2,67493,Mettl16,25,K11393
1652,Q9CRB2,52530,Nhp2,25,K11129
1653,Q9DB42,68040,Zfp593,25,K14821
1654,Q9DB96,68966,Ngdn,25,K14765
1655,Q9DBF7,67480,Cwc25,25,FAIL
1656,Q9ER73,77766,Elp4,25,K11375
1657,Q9QXK3,54160,Copg2,25,K17267
1658,F2Z461,67138,Herc6,25,K22372
1659,Q810J8,217695,Zfyve1,25,K17603
1660,P35278,19345,Rab5c,26,K07889
1661,P60766,12540,Cdc42,26,K04393
1662,Q61699,15505,Hsph1,26,K09485
1663,Q8BHC1,67790,Rab39b,26,K07925
1664,Q8R4C2,70432,Rufy2,26,K12482
1665,Q91VI7,107702,Rnh1,26,K16634
1666,Q99L04,52585,Dhrs1,26,K11163
1667,Q71LX4,70549,Tln2,26,K06271
1668,O08808,13367,Diaph1,26,K05740
1669,P49615,12568,Cdk5,26,K02090
1670,Q02248,12387,Ctnnb1,26,K02105
1671,Q5NCX5,216860,Neurl4,26,K16777
1672,Q61553,14086,Fscn1,26,K23551
1673,Q61768,16573,Kif5b,26,K10396
1674,Q64737,14450,Gart,26,K11787
1675,Q6ZQ82,71302,Arhgap26,26,K20071
1676,Q8R191,20974,Syngr3,26,FAIL
1677,Q9CZY3,66589,Ube2v1,26,K10704
1678,Q9JM63,16513,Kcnj10,26,K05003
1679,Q9R0P5,56431,Dstn,26,K10363
1680,A2AF47,75974,Dock11,26,K21853
1681,Q62188,22240,Dpysl3,26,FAIL
1682,Q9WU78,18571,Pdcd6ip,26,K12200
1683,O35098,26757,Dpysl4,26,FAIL
1684,Q922H2,236900,Pdk3,26,K00898
1685,Q9D1P4,66917,Chordc1,26,K16729
1686,Q9EQF6,65254,Dpysl5,26,K07529
1687,P0C027,102954,Nudt10,27,K07766
1688,Q8CCB4,68299,Vps53,27,K20299
1689,Q91YI0,109900,Asl,27,K01755
1690,Q9D0J4,56327,Arl2,27,K07943
1691,P28028,109880,Braf,27,K04365
1692,P42859,15194,Htt,27,K04533
1693,P63046,29859,Sult4a1,27,K11823
1694,Q3ULJ0,333433,Gpd1l,27,K00006
1695,Q3UV70,381511,Pdp1,27,K01102
1696,Q9D4H8,71745,Cul2,27,K03870
1697,P47809,26398,Map2k4,27,K04430
1698,P63318,18752,Prkcg,27,K19663
1699,Q3UFS0,414872,Zyg11b,27,K10350
1700,Q9D819,67895,Ppa1,27,K01507
1701,Q6NTA4,245670,Rragb,27,K16185
1702,P68368,22145,Tuba4a,27,K07374
1703,P68369,22142,Tuba1a,27,K07374
1704,Q9ERD7,22152,Tubb3,27,K07375
1705,A2RT62,214931,Fbxl16,27,K10282
1706,O54865,54195,Gucy1b1,27,K12319
1707,P62827,19384,Ran,27,K07936
1708,P68372,227613,Tubb4b,27,K07375
1709,Q11011,19155,Npepps,27,K08776
1710,Q7TMM9,22151,Tubb2a,27,K07375
1711,Q8CAA7,70974,Pgm2l1,27,K11809
1712,Q9D6F9,22153,Tubb4a,27,K07375
1713,Q9QXB9,13495,Drg2,27,K06944
1714,A2AN08,69116,Ubr4,28,K10691
1715,O08759,22215,Ube3a,28,K10587
1716,Q69ZX8,319713,Ablim3,28,K07520
1717,Q7TQF2,269529,Fbxo10,28,K10296
1718,Q8BP47,70223,Nars,28,K01893
1719,Q8CBE3,207615,Wdr37,28,K24744
1720,Q8K212,107975,Pacs1,28,K23290
1721,Q8R001,212307,Mapre2,28,K10436
1722,Q8R349,69957,Cdc16,28,K03353
1723,Q99LC8,209354,Eif2b1,28,K03239
1724,P12382,18641,Pfkl,28,K00850
1725,P47857,18642,Pfkm,28,K00850
1726,P68181,18749,Prkacb,28,K04345
1727,P80315,12464,Cct4,28,K09496
1728,P80317,12466,Cct6a,28,K09498
1729,P80318,12462,Cct3,28,K09495
1730,Q5SSH7,195018,Zzef1,28,FAIL
1731,Q8R0S2,232227,Iqsec1,28,K12495
1732,Q8R2R9,64933,Ap3m2,28,K12398
1733,Q9WUA3,56421,Pfkp,28,K00850
1734,Q9Z1W9,53416,Stk39,28,K08835
1735,P11983,21454,Tcp1,28,K09493
1736,P16460,11898,Ass1,28,K01940
1737,Q8CHT1,53972,Ngef,28,K07525
1738,Q99KQ4,59027,Nampt,28,K03462
1739,O35737,59013,Hnrnph1,29,K12898
1740,O55236,24018,Rngtt,29,K13917
1741,P23116,13669,Eif3a,29,K03254
1742,P32921,22375,Wars1,29,K01867
1743,P56959,233908,Fus,29,K13098
1744,P59326,228994,Ythdf1,29,K20102
1745,P63073,13684,Eif4e,29,K03259
1746,P70333,56258,Hnrnph2,29,K12898
1747,P97461,20103,Rps5,29,K02989
1748,Q07235,20720,Serpine2,29,K16643
1749,Q60749,20218,Khdrbs1,29,K13198
1750,Q64514,22019,Tpp2,29,K01280
1751,Q6PD28,225849,Ppp2r5b,29,K11584
1752,Q6QI06,78757,Rictor,29,K08267
1753,Q8CJ67,29819,Stau2,29,K17597
1754,Q8VHK9,72162,Dhx36,29,K14442
1755,Q99JX4,98221,Eif3m,29,K15030
1756,Q99PV0,192159,Prpf8,29,K12856
1757,Q9DBD5,75273,Pelp1,29,K16913
1758,Q9JJF3,71952,Riox1,29,K16914
1759,Q9WV80,56440,Snx1,29,K17917
1760,Q9Z130,50926,Hnrnpdl,29,K13044
1761,A2BE28,76130,Las1l,30,K16912
1762,P14206,16785,Rpsa,30,K02998
1763,P28867,18753,Prkcd,30,K06068
1764,P50580,18813,Pa2g4,30,K26736
1765,Q80U87,84092,Usp8,30,K11839
1766,Q8CI33,72502,Cwf19l1,30,K24939
1767,Q8JZW5,230863,Sh2d5,30,K23701
1768,Q8K012,214459,Fnbp1l,30,K20121
1769,Q8R2H9,237928,Phospho1,30,K06124
1770,Q8R4H2,69632,Arhgef12,30,K07532
1771,Q99ME2,83669,Wdr6,30,K24737
1772,Q9D5V5,75717,Cul5,30,K10612
1773,Q9DCA5,67832,Brix1,30,K14820
1774,Q9R1B9,20563,Slit2,30,K06839
1775,Q9Z321,21976,Top3b,30,K03165
1776,A2ALK8,545622,Ptpn3,30,K18027
1777,E9PUQ8,227333,Dgkd,30,K00901
1778,P97432,17966,Nbr1,30,K17987
1779,Q8BGT8,70911,Phyhipl,30,K24497
1780,Q8BZZ3,107568,Wwp1,30,K05633
1781,Q9QZE5,54161,Copg1,30,K17267
1782,O54828,19739,Rgs9,31,K13765
1783,O54946,23950,Dnajb6,31,K09512
1784,O88492,57435,Plin4,31,K20254
1785,O88665,26992,Brd7,31,K11723
1786,P20444,18750,Prkca,31,K02677
1787,P23927,12955,Cryab,31,K09542
1788,P80313,12468,Cct7,31,K09499
1789,Q3UH66,75607,Wnk2,31,K08867
1790,Q3UUF8,218440,Ankrd34b,31,FAIL
1791,Q6VNB8,72145,Wdfy3,31,K22262
1792,Q7M6Y3,233489,Picalm,31,K20044
1793,Q7TMB8,20430,Cyfip1,31,K05749
1794,Q80WM4,330790,Hapln4,31,K06853
1795,Q8BFQ8,213350,Gatd1,31,FAIL
1796,Q8BNW9,74901,Kbtbd11,31,K10476
1797,Q8CCN5,192197,Bcas3,31,K24550
1798,Q8VE19,252875,Mios,31,K20407
1799,Q9DB72,72014,Btbd17,31,K24808
1800,Q9QXS1,18810,Plec,31,K10388
1801,P07724,11657,Alb,32,K16141
1802,P27612,18786,Plaa,32,K14018
1803,P39688,14360,Fyn,32,K05703
1804,P40124,12331,Cap1,32,K17261
1805,P62331,11845,Arf6,32,K07941
1806,Q3UIW5,50849,Rnf10,32,K26979
1807,Q5DTY9,383348,Kctd16,32,K21918
1808,Q61753,236539,Phgdh,32,K00058
1809,Q80TN4,214063,Dnajc16,32,K09536
1810,Q8C2E7,223593,Washc5,32,K18464
1811,Q8CI71,73288,Vps50,32,K23288
1812,Q8CJ19,194401,Mical3,32,K19947
1813,Q8K1X4,105855,Nckap1l,32,K05750
1814,Q922Q4,69051,Pycr2,32,K00286
1815,Q9CYT6,67252,Cap2,32,K17261
1816,Q9EQP2,98878,Ehd4,32,K12477
1817,Q9WUZ9,12499,Entpd5,32,K01511
1818,Q80YV4,269614,Pank4,32,K24265
1819,Q8BGC4,225791,Ptgr3,32,K07119
1820,O08967,19159,Cyth3,33,K18441
1821,P53996,12785,Cnbp,33,K09250
1822,P97315,13007,Csrp1,33,K09377
1823,P97447,14199,Fhl1,33,K14365
1824,Q60865,53872,Caprin1,33,K18743
1825,Q61792,16796,Lasp1,33,K24420
1826,Q69ZI1,59009,Sh3rf1,33,K12171
1827,Q6ZWU9,57294,Rps27,33,K02978
1828,Q76LL6,225288,Fhod3,33,K23939
1829,Q7TNM2,360213,Trim46,33,K12022
1830,Q8BI72,70925,Cdkn2aip,33,FAIL
1831,Q8CI51,56376,Pdlim5,33,K19867
1832,Q8K1N4,72572,Spats2,33,FAIL
1833,Q8QZT2,73420,Ccsap,33,K16454
1834,Q91WG7,110197,Dgkg,33,K00901
1835,Q99MJ9,94213,Ddx50,33,K13183
1836,Q9DC07,74103,Nebl,33,K25865
1837,Q9DCT8,68337,Crip2,33,K24413
1838,Q9R1R2,55992,Trim3,33,K11997
1839,G3X9C2,233038,Nccrp1,34,FAIL
1840,P11352,14775,Gpx1,34,K00432
1841,P58252,13629,Eef2,34,K03234
1842,P61161,66713,Actr2,34,K17260
1843,P63085,26413,Mapk1,34,K04371
1844,P70336,19878,Rock2,34,K17388
1845,Q3UJD6,71472,Usp19,34,K11847
1846,Q62059,13003,Vcan,34,K06793
1847,Q6A4J8,252870,Usp7,34,K11838
1848,Q6PER3,100732,Mapre3,34,K10436
1849,Q7TNG5,72205,Eml2,34,K18595
1850,Q8BML9,97541,Qars,34,K01886
1851,Q8BWT5,64451,Dip2a,34,K24907
1852,Q8CCJ4,72125,Amer2,34,FAIL
1853,Q8K0S0,105653,Phyhip,34,K24497
1854,Q91VR7,66734,Map1lc3a,34,K10435
1855,Q3U186,109093,Rars2,35,K01887
1856,Q3UVL4,68505,Vps51,35,K20296
1857,Q6P2B1,320938,Tnpo3,35,K15436
1858,Q9CWF2,73710,Tubb2b,35,K07375
1859,Q80YF9,233071,Arhgap33,35,K17933
1860,Q8C0D4,75415,Arhgap12,35,K20636
1861,Q7TSQ8,319518,Pdpr,35,K17509
1862,Q8CGV2,216343,Tph2,35,K00502
1863,P62071,66922,Rras2,35,K07830
1864,P97427,12933,Crmp1,35,FAIL
1865,Q6ZQ18,668212,Efr3b,35,K21842
1866,Q99J99,246221,Mpst,35,K01011
1867,Q9CQL4,66448,Mrpl20,35,K02887
1868,Q9ESW4,69923,Agk,35,K09881
1869,Q9EPK7,65246,Xpo7,36,K18460
1870,O54983,12971,Crym,36,K18258
1871,P12815,18570,Pdcd6,36,K23902
1872,P31938,26395,Map2k1,36,K04368
1873,Q91Z61,208666,Diras1,36,K07840
1874,P80316,12465,Cct5,36,K09497
1875,P08414,12326,Camk4,36,K05869
1876,P84078,11840,Arf1,36,K07937
1877,P99024,22154,Tubb5,36,K07375
1878,Q3TUH1,68971,Tamm41,36,K17807
1879,Q8CFV9,54391,Rfk,36,K00861
1880,Q9D7X3,72349,Dusp3,36,K17614
1881,Q9QZX7,27364,Srr,36,K12235
1882,Q8CIB5,218952,Fermt2,37,K17083
1883,O88696,53895,Clpp,37,K01358
1884,P61963,71833,Dcaf7,37,K11805
1885,P97950,19337,Rab33a,37,K07919
1886,Q9D2R0,78894,Aacs,37,K01907
1887,A2ASZ8,227731,Slc25a25,37,K14684
1888,Q924L1,68614,Letmd1,37,FAIL
1889,Q9CR68,66694,Uqcrfs1,37,K00411
1890,Q9D0M5,68097,Dynll2,37,K10418
1891,Q2YDW2,229524,Msto1,37,FAIL
1892,P84084,11844,Arf5,37,K07940
1893,Q9Z268,19415,Rasal1,37,K17632
1894,G3X9K3,211673,Arfgef1,38,K18442
1895,P28740,16563,Kif2a,38,K10393
1896,P47708,19894,Rph3a,38,K19938
1897,Q0KL02,223435,Trio,38,K08810
1898,Q6DFW0,73205,C9orf72,38,K23609
1899,Q6ZPE2,77980,Sbf1,38,K18061
1900,Q8CE90,26400,Map2k7,38,K04431
1901,Q8CFI0,83814,Nedd4l,38,K13305
1902,Q99104,17918,Myo5a,38,K10357
1903,Q9QYC0,11518,Add1,38,K18622
1904,Q9WTX6,26965,Cul1,38,K03347
1905,P06801,17436,Me1,39,K00029
1906,P39054,13430,Dnm2,39,K23484
1907,P53810,18738,Pitpna,39,FAIL
1908,P54830,19259,Ptpn5,39,K18018
1909,Q0VGY8,66860,Tanc1,39,K26456
1910,Q7TN29,69780,Smap2,39,K12486
1911,Q8BGQ7,234734,Aars,39,K01872
1912,Q8C863,16396,Itch,39,K05632
1913,Q8CGF6,99512,Wdr47,39,K24746
1914,Q91VK4,64294,Itm2c,39,K18265
1915,Q6P1F6,71978,Ppp2r2a,40,K04354
1916,Q8R5H6,83767,Wasf1,40,K05753
1917,P41242,17179,Matk,40,K08888
1918,Q8BXK8,347722,Agap1,40,K12491
1919,A2CG49,545156,Kalrn,40,K15048
1920,Q52KF3,68166,Spire1,40,K02098
1921,Q7TSH2,102093,Phkb,40,K07190
1922,Q8K4P8,94253,Hecw1,40,K12167
1923,Q9JKC8,55946,Ap3m1,40,K12398
1924,Q5U3K5,227624,Rabl6,40,FAIL
1925,P70398,22284,Usp9x,41,K11840
1926,Q9ES63,57775,Usp29,41,K11850
1927,A2AKG8,230393,Focad,41,FAIL
1928,P46935,17999,Nedd4,41,K10591
1929,Q3UMB9,319277,Washc4,41,K18465
1930,Q80TJ7,320595,Phf8,41,K19415
1931,Q80Y17,16897,Llgl1,41,K06094
1932,Q9CPR1,192174,Rwdd4a,41,FAIL
1933,P46471,19181,Psmc2,42,K03061
1934,P62196,19184,Psmc5,42,K03066
1935,P62334,67089,Psmc6,42,K03064
1936,Q8VDM4,21762,Psmd2,42,K03028
1937,Q8VHQ9,329910,Acot11,42,K12417
1938,Q9CZX8,20085,Rps19,42,K02966
1939,Q9D8W5,66997,Psmd12,42,K03035
1940,Q9QZB9,59288,Dctn5,42,K10427
1941,B1AZI6,331401,Thoc2,43,K12879
1942,Q64310,20932,Surf4,43,K20369
1943,Q6A0A2,217980,Larp4b,43,K18763
1944,Q8K394,224860,Plcl2,43,K15370
1945,Q8VHI6,245880,Wasf3,43,K06083
1946,Q6ZPJ3,217342,Ube2o,43,K10581
1947,Q3TES0,243621,Iqsec3,44,K12495
1948,Q9Z110,56454,Aldh18a1,44,K12657
1949,Q64727,22330,Vcl,44,K05700
1950,P70698,51797,Ctps,44,K01937
1951,Q6IR34,67839,Gpsm1,44,K15839
1952,P28658,54138,Atxn10,45,K19323
1953,Q9CVB6,76709,Arpc2,45,K05758
1954,Q9WVG6,59035,Carm1,45,K05931
1955,Q9Z1Z0,56041,Uso1,45,FAIL
1956,Q9D7X1,67516,Kctd4,45,FAIL
